sku,title,images,age_from,needs,collections_pending_on_price
TGS-DIECAST-MOUNTAIN-BIKE,Superior 1:8 Scale Die-Cast Mountain Bike Model,6,type default,,
TGS-ELEPHANT-FIGURE,3-in-1 Walking Elephant Toy with Sound and Light,0,type default,catalog images,
TGS-3D-PRINTING-PEN,3D Printing Pen with USB Charger and Filament,6,box,,
TGS-VITA50-JET-DRONE,4DRC Vita-50 Jet-Style 4-Axis Remote Control Drone,5,box,,
TGS-ABERO-STEER-WHEEL,abero Enlightening Steering Wheel – Baby Activity Toy,6,box,,
TGS-FOUR-AXIS-DRONE,Aerobat Four Axis Mini Drone with Remote Control,6,box,,
TGS-AIKE-LED-WATCH,Aike LED Digital Watch – Black Strap,7,type default,,
TGS-AIR-COMBAT-FIGHTER,Air Combat Fighter Jet Toy with Sound and Flashing Lights,0,type default,catalog images,
TGS-AIR-FALCON-DRONE,Air Falcon Drone Air Racer 2-in-1 Flying Car,0,type default,catalog images,
TGS-AKS-74U-WATER,Aks-74U Electric Continuous Water Bomb Shooter Toy,0,type default,catalog images,
TGS-NOTEBOOK-PC,Angelo Notebook PC Educational Toy with Mouse,5,box,,
TGS-ANIMAL-PIANO-KEYS,Animal Piano Keyboard with Animal Sound Buttons and Recording Function,0,type default,catalog images,
TGS-AROMA-DIFFUSER-VASE,Handmade Aroma Diffuser Vase Kit,2,box,,
TGS-HULK-HANDS,Avengers Hulk Hero Hands – Soft Plastic,0,type default,catalog images,
TGS-BABY-BOOK,Baby Book Electronic Learning Toy with Sound,0,type default,catalog images,
TGS-BABY-RATTLE-TURNTABLE,Little Tin Lok Baby Rattle Turntable Set,6,box,,
TGS-BALL-CATCHING-CLAW,Ball Catching Claw Game with Digital Timer and Steering Wheel,0,type default,catalog images,
TGS-BALL-TOP-STACKING-RINGS,Rainbow Stacking Rings with Ball Topper – Small,2,type default,,
TGS-PONY-POPUP-TENT,"Pony Pop-Up Play Tent with Unicorn Print, 70 x 70 x 90 cm",0,box,catalog images,
TGS-BBALL-BOARD,Basketball Board Game – Championship Trophy Catapult,7,type default,,
TGS-BBALL-SHOOTING,Basketball Shooting Machine with Dinosaur Character,0,type default,catalog images,
TGS-BEAD-BOX-TEAL,"Bead Box Jewellery Kit – Letters, Pearls and Beads",6,box,,
TGS-BEAR-STACKING-RINGS-L,Rainbow Stacking Rings with Bear Topper – Large,2,type default,,
TGS-BEAR-STACKING-RINGS-M,Rainbow Stacking Rings with Bear Topper – Medium,2,type default,,
TGS-BLAST-FLAMES,Blast Of Flames LED Light Sword Toy,0,type default,catalog images,
TGS-BLOCK-BUILDING,Block Building Toys in Clear Storage Jar with Red Lid,6,box,,
TGS-BOOM-STRIKE-HAMMER,Boom Strike Hammer Game – Light-Up Tower with Score Display,6,box,,
TGS-BRACELET-BRAIDING-KIT,Bracelet Braiding Machine Kit – Twist 12 Bracelets,2,box,,
TGS-BRAIDING-BRACELET,Braiding Bracelet Loom Kit – 10 Knot Styles,2,box,,
TGS-BRILLIANT-TALKING-PHONE,Brilliant Talking Telephone Toy for Babies,0,type default,catalog images,
TGS-BUSY-BOOK-MATCH,Busy Book – Match and Learn Activity Book,6,box,,
TGS-CAMEL-FIGURE,Bactrian Camel Figure,6,type default,,
TGS-SQUISHY-CAPSULE-BALL,Capsule Squishy Ball,5,type default,,
TGS-CARS3-CARRIER-4CARS,Cars 3 Alloy Car Carrier Truck with 4 Cars,0,box,catalog images,
TGS-CARS3-TRUCK-2CARS,Cars 3 Alloy Car Set – Truck with 2 Cars,0,box,catalog images,
TGS-CARS-STEER-WHEEL,Disney Cars Steering Wheel with Sounds,0,box,catalog images,
TGS-CARTOON-ANIMAL-XYLO,Cartoon Animal Hand Knock Piano Series 8-Tone Xylophone with Mallets,6,box,,
TGS-CATAN,"Catan - Trade, Build, Settle Board Game",0,type default,catalog images,
TGS-CATAPULT-EFORMATIO-TRUCK,Catapult Eformation Truck 2-in-1 Car Carrier Toy,0,type default,catalog images,
TGS-CHESS-CHECKERS,Chess / Checkers 2-in-1 Magnetic Travel Set with Foldable Board,0,type default,catalog images,
TGS-CHICKS-ICEBREAKER,Chicks Icebreaker Adventure - Break the Ice Balance Game,0,type default,catalog images,
TGS-CHILDREN-HOUSE-TENT,Children Play House Tent with Frame,0,box,catalog images,
TGS-S-CAMERA,"Children's Camera with Unicorn Design – 1080p Photo, Video and Selfie",6,box,,
TGS-S-DIGITAL-CAMERA,Children's Digital Camera – Green,5,type default,,
TGS-CARD-PUZZLE,Children's Puzzle Game Card Machine,0,type default,catalog images,
TGS-CHOCOLATE-BAR-SQUISHY,Chocolate Bar Squishy Toy – Kinder Maxi or Snickers,6,type default,,
TGS-CAMPER-VAN,Classic Camper Van Model with Opening Door – Orange & Blue,0,type default,catalog images,
TGS-RC-CONTROL-TRAIN,Classic Express Remote Control Train Set with Smoke System and Circular Track,0,type default,catalog images,
TGS-CNUNO,CNUNO Family Card Game,0,type default,catalog images,
TGS-COCOMELON-FIGS,"CoComelon TomTom, JJ, YoYo and Bingo Mini Figure Set",6,box,,
TGS-COFFEE-MACHINE-SET,Coffee Machine Set with Cash Register and Play Food,2,box,,
TGS-TEA-PARTY-PAINT,ColorDay Tea Party Artistic Painting Set with 9 Piece Mini Tea Set and 6 Colors,7,box,,
TGS-COLORFUL-MAG-BLOCKS,Colorful Magnetic Blocks Forest Theme Set,6,box,,
TGS-COLZLOOM-BRACELET-KIT,Col-Z-Loom Rubber Band Bracelet Kit – Magic Unicorn Rainbow Colours,2,box,,
TGS-SPIDERWEB-LAUNCH,Spider Launch Toys Wrist Transmitter with Suction-Cup Darts,5,box,,
TGS-SQUISHY-PASTEL-STICKS,Crackle Fluff Crispy Crunch Squishy Sticks,5,type default,,
TGS-SQUISHY-CRISP-CHOCO,Crisp Choco Squishy Toy,8,type default,,
TGS-CRYSTAL-GLUE-FINGER-GYRO,DIY Crystal Glue Finger Gyro Kit – Make 3 Resin Spinners,2,box,,
TGS-CUBE-SQUEEZE-FIDGET,Cube Squeeze Ball - Super Solid Squish Toy,5,type default,,
TGS-CUTE-COW-SINGING,Cute Cow Sing and Dancing Toy,0,type default,catalog images,
TGS-CUTE-DUCK-SLIDE,Cute Duck Slide Electric Track Toy,7,type default,,
TGS-CUTE-INTELLIGE-ROBOT,Cute Intelligent Robot Toy with Remote Control and Follow Mode,6,box,,
TGS-DANCING-CACTUS,"Dancing Cactus Toy with Hat, Glasses and Scarf",7,type default,,
TGS-DEADPOOL-FIGURE,Deadpool Action Figure with Swords,0,type default,catalog images,
TGS-DELUXE-HAIR-STYLING,Deluxe Hair Styling Set for Girls,0,type default,catalog images,
TGS-DESERT-EAGLE-GUN,J-Shot Desert Eagle Gel Blaster,6,box,,
TGS-MINI-NUMBER-TRAIN,Digital Mini Train – Wooden Number Train 0 to 9,5,box,,
TGS-DINO-RUNNING-DINO,Dino Running Dinosaur World Electric Series Toy,0,type default,catalog images,
TGS-DINO-BUSY-BOARD,Dinosaur Busy Board with 20+ Activities for Toddlers,6,type default,,
TGS-POOH-POPUP-TENT,Disney Winnie the Pooh Pop-Up Play Tent,0,box,catalog images,
TGS-DIY-BEADING-HEART,DIY Beading Kit – Heart Case with Letter Beads,2,box,,
TGS-DIY-BEADING-PRINCESS,DIY Beading Kit – Princess Carriage Bead Case,2,box,,
TGS-DIY-MAG-LEVITATIO,DIY Magnetic Levitation Train Track with 55 Pieces for Ages 3+,0,type default,catalog images,
TGS-DIY-RAILCAR-FORCE,"DIY Railcar Magnetic Force Track Set, 55 Pieces",0,type default,catalog images,
TGS-DOCTOR-PLAY-SET,Family Doctor Play Set with Carry Case,0,type default,catalog images,
TGS-DOMINO-COLORED,Colored Domino Toppling Block Set,0,type default,catalog images,
TGS-DOMINOES-COLOR-DOT,"Double Six Color Dot Dominoes, 28 Tiles",0,type default,catalog images,
TGS-DBZ-SAIYAN-WINDOW-BOX,"Dragon Ball Z Super Saiyan Figure – Red Outfit, Window Box",0,box,catalog images,
TGS-DBZ-GOKU-FIGURE,"Dragon Ball Z Super Saiyan Goku Figure – Orange Outfit, Display Box",0,type default,catalog images,
TGS-DRAWING-ROBOT-JQR,Drawing Robot JQR-02 for Children's Painting Enlightenment Teaching,0,type default,catalog images,
TGS-DUCK-WATER-FOUNTAIN,Duck Water Fountain – Mini Water Dispenser Toy,2,box,,
TGS-E99-PRO-MAX,E99 Pro Max Remote Control Drone with Controller,0,type default,catalog images,
TGS-TABLET-DRAWING,Card Early Education Device with Rechargeable Battery and Puzzle Cards,0,type default,catalog images,
TGS-EDU-KEYS,Educational Keyboard Toy with LED Screen and Alphabet Keys,6,box,,
TGS-ELEC-CARTOON-DINO,Electric Cartoon Dinosaur Toy with Sound and Movement,0,type default,catalog images,
TGS-ELECTRIC-CERAMIC-MACHINE,Electric Ceramic Machine – Kids' Pottery Wheel,2,box,,
TGS-ELECTRIC-DRILL-SET,Electric Drill Toy with Accessories in Carry Case,6,type default,,
TGS-ENERGIZER-BATTERY,Energizer Alkaline Power Battery – AA or AAA (Single),0,n/a,catalog images,
TGS-TRUCK-ADVENTURE,Engineering Truck Adventure – 7 Checkpoint Track Set,6,box,,
TGS-EVEREADY-4PACK,"Eveready Heavy Duty Batteries – Pack of 4, AA or AAA",0,n/a,catalog images,
TGS-FASHION-STUDIO,Fashion Studio Deluxe Hair Styling Set with Hair Dryer,2,box,,
TGS-FASHIONABLE-NAILS,Fashionable Nails Set with Nail Dryer,2,box,,
TGS-FIGHTER-PLANE-RC,Fighter Plane RC Quadcopter – Black Battle Jet,2,box,,
TGS-FOLLOW-ME-CAR,"Magic Induction Follow Me Gesture Car – Pink, Green & Yellow",6,box,,
TGS-FOUR-INSECT-CATCHING,Four in One Insect Catching Game – Magnetic Wooden Board,6,box,,
TGS-FRENZY-RACING-CAR,Frenzy Racing 1:20 Scale Remote Control Car with 27MHz Transmitter,6,box,,
TGS-FROZEN-MAKEUP,Frozen Beautiful Girl's Series Make-Up Set,0,type default,catalog images,
TGS-FROZEN-II-MAKEUP,Frozen II My Beauty World Make-Up Set,0,type default,catalog images,
TGS-FUN-COLOUR-LOOM-BANDS,Fun Colour Loom Bands Kit – 18 Colours with Loom Board,2,box,,
TGS-GEAR-DINO,Gear Dinosaur Toy with Musical and Light Effects,0,type default,catalog images,
TGS-FAN-VISOR-HAT,Givelong Cute Fan Visor Hat with Lion Design,6,box,,
TGS-SQUISHY-BUN-STEAMER,Glitter Squishy Dumpling in a Steamer Case,7,box,,
TGS-GRASS-FROG,Grass Frog Light/Sound Toy with Mechanical Drive,0,type default,catalog images,
TGS-GREEN-TRUCK,Green Truck Toy with Remote Control and Sound,0,type default,catalog images,
TGS-HEADBAND-MAKING-KIT,DIY Head Band Making Kit – Makes 4 Headbands,2,box,,
TGS-HEART-BEAD-BOX,Heart Bead Box – Jewellery Making Kit,6,box,,
TGS-PIANO-HEDGEHOG,Hedgehog Piano Baby Toy with Keys and Buttons,0,type default,catalog images,
TGS-HOUSEHOLD-SET-MINI,Household Set Mini Appliance Toy,7,type default,,
TGS-FOLD-BUCKET-BATH,HUANGER Folding Bucket Bath Toy Set with Accessories,5,box,,
TGS-HUANGER-PUZZLE-PHONE,Huanger Puzzle Phone – Dinosaur Baby Phone,5,box,,
TGS-TOUCH-TEACH-WORDS,Hug Happy Touch and Teach Words Book Early Education Baby Toy,0,type default,catalog images,
TGS-BABY-CARRIER,imama Baby Carrier with Padded Seat – Peach,2,type default,,
TGS-INFLATABL-SOFA-LOUNGER,Inflatable Lounger Sofa - Single Size,0,type default,catalog images,
TGS-INFLATABL-SOFA-ROUND,Inflatable Round Sofa Chair - Single Size,0,type default,catalog images,
TGS-INTELLIGE-LEARNING,"Intelligence Learning Game – Letters, Words, Numbers and Sounds",6,box,,
TGS-AQUAFLOW-SWIM-CAP,Intex AquaFlow Swim Cap for Ages 8+,6,box,,
TGS-INTEX-SWIM-CAP,"Intex AquaFlow Youth Swim Cap – White, Blue or Black",2,box,,
TGS-INTEX-EAR-NOSE-PLUG,Intex AquaFlow Youth Ear and Nose Swimming Plug Set,2,box,,
TGS-JELLYFISH-BUMP-GO,Jellyfish Bump and Go Dancing Toy,0,type default,catalog images,
TGS-JENGA,Jenga Classic Wooden Block Stacking Game,0,type default,catalog images,
TGS-JEWELLERY-CRAFT-LOOM-BANDS,Jewellery Craft Loom Bands Kit with Loom Board,2,box,,
TGS-JUMBO-SEQUENCE,Jumbo Sequence Game with Jumbo Size Playing Mat,0,type default,catalog images,
TGS-JR-PICTIONARY,Junior Pictionary - The Game of Quick Draw for Kids,0,type default,catalog images,
TGS-JUSTICE-LEAGUE-FIGS,Justice League Chibi Figure Set of 4,5,box,,
TGS-DISHWASHE,Kids Kitchen Toy Dishwasher with Sound and Lights,0,type default,catalog images,
TGS-KIDS-TENT-MY-CASTLE,"Kid's Tent My Castle – Blue, 105 x 105 x 135 cm",0,box,catalog images,
TGS-TOOL-DRILL,Kids Tool Drill Set with Accessories,0,type default,catalog images,
TGS-FIGHTERS-FIGURE,The King of Fighters Kyo Kusanagi Action Figure,6,box,,
TGS-BEAUTY-GIRL-MAKEUP,KPop Demon Hunters Beauty Girl Makeup Case,7,box,,
TGS-DELUXE-ART-PAINT,Kuromi 15th Anniversary Art Case – Cheeky but Charming,7,box,,
TGS-KUROMI-NIGHT-LIGHT,Kuromi Character Night Light with USB Cable,6,type default,,
TGS-MAKEUP-CASE,Kuromi Makeup Case with 30+ Accessories,0,type default,catalog images,
TGS-KUROMI-MOON-LAMP,Kuromi Moon Light Lamp,6,type default,,
TGS-POP-FIGURES,Kuromi Pop! Figures - Set of 4 Collectible Vinyl Figures,0,type default,catalog images,
TGS-BUBBLE-GUN,Labubu Electric Bubble Gun with Lights,6,type default,,
TGS-LASIKA-DIGITAL-WATCH,Lasika W-F181 Digital Watch,7,type default,,
TGS-ACRYLIC-LED-LAMP,DIY Acrylic Message Lamp with Colour Markers,6,type default,,
TGS-LIGHTSABE,Lightsaber Toy Sword with Sheath,7,box,,
TGS-LITTLE-HELPER-CLEANING,Little Helper Simulated Cleaning Kit,0,type default,catalog images,
TGS-LUDO-MAGNETIC-BOARD,Ludo Game Magnetic Board,0,type default,catalog images,
TGS-LUDO-COMPACT,"Ludo Magnetic Game, Compact Folding Board",0,type default,catalog images,
TGS-M206-GEL-BLASTER,M-206 Electric Gel Bead Blaster with Soak Kit,6,box,,
TGS-MAGIC-PUFFY-3D-ART,Magic Puffy 3D Art Painting Kit with Keychains,2,box,,
TGS-MAGIC-UNICORN-BEADS,Magic Unicorn Beads DIY Jewellery Gift Box,2,type default,,
TGS-MAGIC-WAND-CROWN,Magic Wand Crown Tiara with Light and Sound,5,box,,
TGS-PONY-FIGURE-BLUE,"Magical Pony Figure with Brushable Hair, Blue",0,type default,catalog images,
TGS-MAG-BUILDING-BLOCKS,Magnetic Building Blocks Minecraft Theme Set,5,box,,
TGS-MAG-DIGITAL-TRAIN,Magnetic Digital Train Set with Numbered Cars,6,box,,
TGS-MAG-WORLD,Magnetic World Scene Series X Captive Cute Pet Building Set,6,box,,
TGS-MOTO-DIECAST,Maisto Ducati Streetfighter S 1/12 Scale Diecast Motorcycle,0,type default,catalog images,
TGS-MAKEUP-SET-CASE,Makeup Set Case for Kids - Colorful Princess Bag,0,type default,catalog images,
TGS-MERMAID-MAKEUP,Mermaid 2-in-1 Beauty Make Up Case with Jewellery,0,type default,catalog images,
TGS-MC-SWORD-LIGHT,Minecraft Diamond Sword Light with Stand,0,type default,catalog images,
TGS-MC-VILLAGE-FIGURES,Minecraft Village & Pillage Figure Set with Blocks,0,type default,catalog images,
TGS-MC-WEAPON-SET,Minecraft Village & Pillage Weapon & Figure Set – Design Varies,0,type default,catalog images,
TGS-APPLIANCE-FRIDGE,Mini Appliances Toy Refrigerator with Play & Learn Simulation,0,type default,catalog images,
TGS-MINI-KITCHEN-SET,Mini Kitchen Set – Mini Fridge with Ice Creams,2,box,,
TGS-MINI-POTTERY-STUDIO,Mini Pottery Studio – USB Pottery Wheel Kit,2,box,,
TGS-RC-FORKLIFT,Mini Rc Forklift 1:64 Scale Remote Control Toy with Phone App Control,0,type default,catalog images,
TGS-TRUCKS,"Miniature Transport Truck in a Display Case – Blue, Black/Grey or Red",4,type default,,
TGS-SQUISHY-MOCHI,Mochi Squishy in Clear Case,5,type default,,
TGS-MONOPOLY-CLASSIC,Monopoly Classic Property Trading Board Game,0,type default,catalog images,
TGS-MONOPOLY-DEAL,Monopoly Deal Card Game,0,type default,catalog images,
TGS-MONTSSRI-HANDLE-LIGHT,Montessori Handle Light Game,6,type default,,
TGS-MULTI-LEARN-SHELF,Multifunction Learn Shelf with Abacus and Activity Panels,0,type default,catalog images,
TGS-MY-WORLD-MINIFIGS,My World Minifigure Set – 24 Blocky Figures,0,box,catalog images,
TGS-FIG-NARUTO,Naruto Shippuden Naruto Uzumaki Action Figure,0,type default,catalog images,
TGS-SQUISHY-OREO,Schylling NeeDoh Oreo Squishy – Switch & Swap Frosting,5,type default,,
TGS-POPTENT-50-BALLS,PopTent Kids Play Tent with 50 Balls – Character Design Varies,0,type default,catalog images,
TGS-NOTEBOOK-PEN-SET,Notebook and Pen Gift Set in a Navy Box,6,type default,,
TGS-OCEAN-LINER-WATER,Ocean Liner Water Gun Toy with Sound and Lighting,0,type default,catalog images,
TGS-ORANGE-MONSTER-TRUCK,Orange Die-Cast Metal Off-Road Monster Truck Toy,5,type default,,
TGS-BINOCULAR,Oubiao 10x38 Binoculars for Children – Pink,6,box,,
TGS-ARABIC-SOUND-LEARNING,Ozen Star Arabic Sound Learning Book for Children,0,type default,catalog images,
TGS-AL-QURAN-LEARNING,Ozen Star Islamic Learning Tablet for Children,7,box,,
TGS-PAW-PATROL-GO,Paw Patrol Go Fishing Game,6,box,,
TGS-PENDULUM-PAINTING,Pendulum Painting Art Kit,2,box,,
TGS-FLASH-DRUM,Peng Jia Multicoloured Flash Drum with Sticks,6,box,,
TGS-PINBALL,Pinball Game Machine with Marbles and Digital Score Display,0,type default,catalog images,
TGS-CASH-REGISTER,Pink Cash Register with Real Calculator and Scanner,2,type default,,
TGS-PIXEL-LED-SWORD,"Pixel LED Light-Up Sword, Minecraft-Style",0,type default,catalog images,
TGS-PLAY-BALLS-NET,Colourful Play Balls in a Net Bag,0,box,catalog images,
TGS-PLAY-HOUSE-COFFEE-TIME,Play House Coffee Time Machine Set – 52 Pieces,2,box,,
TGS-IRON-APPLIANCE,Playroom Toy Iron Appliance for Pretend Play,5,type default,,
TGS-POM-POM-SCARF,Pom-Pom Scarf Knitting Loom Kit,2,box,,
TGS-POWER-PUNCH-ARCADE,Power Punch Arcade Game with Punch Meter and Digital Display,0,type default,catalog images,
TGS-CASTLE-TENT-HEXAGON,"Prince Princess Castle Play Tent – Hexagon, Indoor & Outdoor",0,box,catalog images,
TGS-PROJECTION-FLASHLIGHT,Projection Flashlight – 2-in-1 Torch and Picture Projector,2,box,,
TGS-PUZZLE-BUSY-BOARD,Puzzle Busy Board House Educational Toy for Toddlers,0,type default,catalog images,
TGS-RAINBOW-TOWER-UNICORN,Rainbow Tower Unicorn Stacker Toy,0,type default,catalog images,
TGS-RAM-FIGURE,Ram Figure with Curled Horns,6,type default,,
TGS-GEAR-RC-CAR,Remote Control Car with Transmitter and Packaging,6,box,,
TGS-RC-DRIFT-RACING,RC Drift Racing Car with 4WD and Neon LED Lights,0,type default,catalog images,
TGS-RED-RACE-CAR,"Red Race Car Toy with Cartoon Face, No. 95",0,type default,catalog images,
TGS-SWIM-CROCODILE,Remote Control Swim Crocodile Toy with Controller,0,type default,catalog images,
TGS-RHINOCERO-BABY,Rhinoceros Baby Unicorn Toy with Light,6,type default,,
TGS-ROBLOX-FIGURE-SET,Roblox Figure Set with Accessories,0,type default,catalog images,
TGS-ROLL-PAPER-BEADS,Electric Roll Paper Beads Maker – Make Your Own Beads,2,box,,
TGS-SAND-ART-FAIRYTALE,"Glitter & Glow Sand Art Kit – Fairytale Style, 6 Designs",2,box,,
TGS-SEQUENCE,Sequence - An Exciting Game of Strategy,6,type default,,
TGS-SHEEP-FIGURE,Sheep Figure with Moulded Fleece,6,type default,,
TGS-SHINING-UNICORN-MAKEUP,Shining Unicorn Makeup Case with 46 Kinds of Toys,0,type default,catalog images,
TGS-SHOOT-ELITE-GRAFFITI,Shooting Elite Water Gun with Accessories,0,type default,catalog images,
TGS-SHOOT-ELITE-MP7,Shooting Elite 2-in-1 Water & Soft Bullet Toy Gun,6,box,,
TGS-SHOWN-BEAUTY-SALON,Shown Beauty Salon Hair Styling Kit with Mirror,2,box,,
TGS-SMART-REMOTE-KEYS,Smart Remote Baby Key Fob with Sensory Keys,6,box,,
TGS-SONIC-FIGURES-6,Sonic Figure Set of 6,0,box,catalog images,
TGS-SPACE-JOURNEY-BUBBLE,Space Journey Bubble Machine with Adjustable Speed,0,type default,catalog images,
TGS-SPARKLING-MAKEUP-SET,Sparkling Glitter Tattoo Makeup Set with Bag,2,box,,
TGS-SPARKLING-NAIL-POLISH,Sparkling Nail Polish Kit – Make Your Own Nail Polish,2,box,,
TGS-SPIDER-LAUNCHER,Spider Launcher Wrist Toy with Glove,5,type default,,
TGS-STACKED-CIRCLE-RING,Stacked Circle Ring Stacker with Dinosaur Topper,6,box,,
TGS-STACKED-CUP-BATTLE,"Prism Stacked Cup Battle Game – 12 Cups, Bell and Pattern Cards",5,box,,
TGS-FIG-FOOTBALL-STAR,STARS Football Figure with Trophy and Ball – Ronaldo or Mbappé,4,box,,
TGS-STEERING-WHEEL-SIM,Steering Wheel Simulated Driving Toy with Car Sounds,7,box,,
TGS-STEM-CHEM-EXPERMNT,STEM Chemistry Experiment Set with 14 Experiments,0,type default,catalog images,
TGS-STICKY-DART-BOARD,Sticky Ball Dart Board – 72cm Fabric Target with Sticky Balls,5,box,,
TGS-STITCH-BUMPER-CAR,"Stitch RC Bumper Car with Collision Ejection, 2.4GHz",0,type default,catalog images,
TGS-STUDY-BOOK,Study Book Intellectual Learning Toy for Ages 3+,6,box,,
TGS-SUP-GAME-BOX-400,SUP Game Box 400 in 1 Plus Handheld Console – White,2,type default,,
TGS-HAND-CONSOLE,SUP Game Box Power M3 Handheld Game Console,6,type default,,
TGS-SUPERHERO-WRIST,Super Hero Wrist Transmitter Toy,5,box,,
TGS-TABOO,Taboo Card Game (French Edition),0,type default,catalog images,
TGS-TAMBOLA-HOUSIE,"Tambola Housie Deluxe Edition, 300 Tickets",0,type default,catalog images,
TGS-TEACHER-LAPTOP,Teacher Laptop – Quran Learning Toy Laptop,6,box,,
TGS-THOMAS-FRIENDS-BUILDING,Thomas & Friends Orbit Building Blocks – 43 Pieces in a Backpack,5,box,,
TGS-TIE-DYE-SLIME-MACHINE,Tie-Dye Slime Machine – Make Your Own Tie-Dye Slime,2,box,,
TGS-TIGER-BUBBLE,Tiger Bubble Machine with 10-Hole Bubble Blower,0,type default,catalog images,
TGS-ELEC-KETTLE,Toy Electric Kettle with Lights and Sounds,0,type default,catalog images,
TGS-BUZZ-FORKY,Toy Story 4 Buzz Lightyear & Forky Figures,0,box,catalog images,
TGS-TOY-STORY-FRICTION,Disney Pixar Toy Story Friction Car – Woody's Truck,5,box,,
TGS-TRAIN-STACKING,Train Stacking Domino Toy with 60 Pieces,6,type default,,
TGS-GEAR-VEHICLE-CLEAR,Transparent Gear Vehicle Excavator & Bulldozer Set,0,type default,catalog images,
TGS-UNICORN-MAKEUP-CASE,Unicorn Makeup Case with 16-Piece Toy Makeup Set,7,type default,,
TGS-UNICORN-NIGHTLIGHT,Unicorn Night Light with Charging Cable,6,type default,,
TGS-UNICORN-PRINCESS-MAKEUP,Unicorn Princess 2-in-1 Beauty Make Up Case,0,type default,catalog images,
TGS-UNO-ATTACK,UNO Attack! Electronic Card Shooter Game,0,type default,catalog images,
TGS-UNO-CLASSIC,UNO Classic Card Game,0,type default,catalog images,
TGS-UNO-NO-MERCY,UNO Show 'Em No Mercy Card Game,0,type default,catalog images,
TGS-UNO-TRAVEL-CASE,UNO 2-Deck Travel Case Card Game,0,type default,catalog images,
TGS-VENDING,Vending Machine Toy with Sound Effects and Drink Dispenser,6,type default,,
TGS-VENOM-FIGURE,Venom Action Figure – Multi-Joint,0,box,catalog images,
TGS-WATER-CANVAS,Magical Water Canvas Reusable Doodle Mat with Pen,0,type default,catalog images,
TGS-DRIFT-LEGENDS-RC,1:43 Scale Classic Legends RC Drift Car with Remote Control,5,box,,
TGS-WD-BUSY-BOARD,Wooden Busy Board with Blue Strap for Babies 36m+,0,type default,catalog images,
TGS-WD-CLOCK-LEARNING,Wooden Clock Learning Toy with Removable Hands and Number Discs,0,type default,catalog images,
TGS-WD-MARBLE-BALANCE,Game of Marbles – Wooden Balance Tower,7,type default,,
TGS-WD-SHAPE-SORTER,ViVi Wood Toy Digital Shape Smart House – Wooden Shape and Number Sorter,7,type default,,
TGS-X29-RC-FIGHTER-PLANE,X29 RC Fighter Plane Quadcopter – Graffiti Design,2,box,,
TGS-XINLEJIA-FISHING-GAME,Electric Fishing Game with 30+ Fish Figures and Fishing Rod,0,box,catalog images,
TGS-XWARRIOR-ELITE-FLAME,X Warrior Hero Toy Blaster with 6 Dart Bullets,6,box,,
TGS-JUDY-HOPPS,Zootopia Judy Hopps Talking Toy,0,type default,catalog images,
TGS-SWIMMING-GOGGLES,ZOTO Brand Swimming Goggles in Clear Case,6,type default,,
