handle,title,vendor,product_type,status,price,compare_at_price,sku,stock,age,occasions,play,subcategories,features,collections,all_tags,image,url,seo_title,seo_description,description
1-8-scale-die-cast-mountain-bike-model,Superior 1:8 Scale Die-Cast Mountain Bike Model,The Toy Gift Shop,Cars & Vehicles,DRAFT,2200.00,,TGS-DIECAST-MOUNTAIN-BIKE,2,3-5,"birthday, eid",vehicles,Die-Cast Cars,new,"age-3-5, all, best-sellers, cars-vehicles, gifts-under-2500, gifts-under-5000, new-in, occasion-birthday, occasion-eid","age:3-5, feature:new, occasion:birthday, occasion:eid, play:vehicles, sub:Die-Cast Cars",,,Superior 1:8 Scale Die-Cast Mountain Bike Model | Toy Gift Shop,"1:8 scale die-cast mountain bike model with red frame, black handlebars, and red tires. Includes kickstand and water bottle. For display or play.","A 1:8 scale die-cast mountain bike model from Superior's Mountainbike Bicycle Simulation Series. Metal frame in red, with working wheels, a kickstand and a little water bottle on the frame. For display or play."
3d-printing-pen,3D Printing Pen with USB Charger and Filament,The Toy Gift Shop,Novelty & Fun Toys,DRAFT,3800.00,,TGS-3D-PRINTING-PEN,9,3-5,"birthday, eid",games,Novelty Toys,new,"age-3-5, all, best-sellers, gifts-under-5000, new-in, novelty-fun-toys, occasion-birthday, occasion-eid","age:3-5, feature:new, occasion:birthday, occasion:eid, play:games, sub:Novelty Toys",,,3D Printing Pen in Pakistan | Toy Gift Shop,"3D Printing Pen for kids aged 3+ with USB charger and filament. Child-safe, no hot parts, designed for creative 3D drawing.","A 3D printing pen that draws in the air with plastic filament. The box says it is designed with no hot parts and uses low-heat plastic, so it is safe to touch while you shape your doodles. It has a built-in 3.7V rechargeable battery and charges from any USB port. Ages 3+ on the box, with a choking hazard warning for small parts."
4drc-vita-50-jet-drone,4DRC Vita-50 Jet-Style 4-Axis Remote Control Drone,The Toy Gift Shop,RC & Remote Control Toys,DRAFT,5350.00,,TGS-VITA50-JET-DRONE,2,8+,"birthday, eid",vehicles,RC Vehicles,new,"age-8-plus, all, best-sellers, big-gifts, new-in, occasion-birthday, occasion-eid, rc-remote-control-toys","age:8+, feature:new, occasion:birthday, occasion:eid, play:vehicles, sub:RC Vehicles",,,4DRC Vita-50 Jet-Style 4-Axis Remote Control Drone | Toy Gift Shop,MRC VITA-50 4-axis RC drone with remote control. For ages 14+. Includes drone and remote. Safety warnings printed. Indoor/outdoor use.,"This is a 4-axis remote control drone styled like a fighter jet, with a blue-and-grey body and orange nose cone. It is controlled by a black handheld remote with two joysticks. The box indicates it is for ages 14 and up."
abero-enlightening-steering-wheel,abero Enlightening Steering Wheel – Baby Activity Toy,The Toy Gift Shop,Baby & Toddler Toys,DRAFT,4350.00,,TGS-ABERO-STEER-WHEEL,2,1-3,"birthday, eid",pretend,Baby Activity Toys,new,"age-1-3, all, baby-toddler-toys, best-sellers, gifts-under-5000, new-in, occasion-birthday, occasion-eid","age:1-3, feature:new, occasion:birthday, occasion:eid, play:pretend, sub:Baby Activity Toys",,,abero Enlightening Steering Wheel in Pakistan | Toy Gift Shop,"abero Enlightening Steering Wheel: lights, letters, numbers, music keys and transport sounds. For 19 to 36 months.","An abero Enlightening Steering Wheel (QX-91027) for babies: a light-up wheel in the middle, letter keys, number keys, music keys and transport sounds, with a little gear lever on the side. The box lists visual training, auditory training and hand-eye coordination, and gives the age as 19 to 36 months. It needs 3 x 1.5V AA batteries, which are not included."
aerobat-four-axis-mini-drone,Aerobat Four Axis Mini Drone with Remote Control,The Toy Gift Shop,RC & Remote Control Toys,DRAFT,6000.00,,TGS-FOUR-AXIS-DRONE,2,8+,"birthday, eid",vehicles,Drones,new,"age-8-plus, all, best-sellers, big-gifts, new-in, occasion-birthday, occasion-eid, rc-remote-control-toys","age:8+, feature:new, occasion:birthday, occasion:eid, play:vehicles, sub:Drones",,,Aerobat Four Axis Mini Drone in Pakistan | Toy Gift Shop,"Aerobat Four Axis Mini Drone with remote control for ages 14+. Features 360-degree flight, USB charging, and includes all accessories. Perfect for indoor and outdoor flying.","The Aerobat Four-Axis is a small red drone with a 2.4GHz remote. The box lists take-off and landing, 360° surround flight, omnidirectional flight, cool LED light and USB charging. Ages 14+ as printed on the box."
aike-led-digital-watch-black,Aike LED Digital Watch – Black Strap,The Toy Gift Shop,Novelty & Fun Toys,DRAFT,1650.00,,TGS-AIKE-LED-WATCH,5,3-5,"birthday, eid",games,Gadgets,new,"age-3-5, all, best-sellers, gifts-under-2500, gifts-under-5000, new-in, novelty-fun-toys, occasion-birthday, occasion-eid","age:3-5, feature:new, occasion:birthday, occasion:eid, play:games, sub:Gadgets",,,Aike LED Digital Watch in Pakistan | Toy Gift Shop,"Aike LED digital watch with a square face and black ribbed strap, in a clear display case.","An Aike LED watch with a square face and a ribbed black strap, presented in a clear display case. The screen wakes at the press of the side button. A simple first watch, and it looks the part."
angelo-notebook-pc-educational-toy-with-mouse,Angelo Notebook PC Educational Toy with Mouse,The Toy Gift Shop,Educational Toys,DRAFT,5500.00,,TGS-NOTEBOOK-PC,3,3-5,"birthday, eid",build,Learning Toys,new,"age-3-5, all, best-sellers, big-gifts, educational-toys, new-in, occasion-birthday, occasion-eid","age:3-5, feature:new, occasion:birthday, occasion:eid, play:build, sub:Learning Toys",,,Angelo Notebook PC in Pakistan | Toy Gift Shop,"Angelo Notebook PC educational toy for ages 3+ with keyboard, mouse, and screen. Designed for learning and play. Made in China.","The Angelo Slimline Notebook is a toy laptop from the Enlightenment Educational Series, with a screen, a full keyboard and its own mouse. The box calls it a new style flashing enter. Not for children under 3, as it has small parts."
baby-rattle-turntable-set,Little Tin Lok Baby Rattle Turntable Set,The Toy Gift Shop,Baby & Toddler Toys,DRAFT,1850.00,,TGS-BABY-RATTLE-TURNTABLE,9,0-1,"birthday, eid",pretend,Baby Toys,new,"age-0-1, all, baby-toddler-toys, best-sellers, gifts-under-2500, gifts-under-5000, new-in, occasion-birthday, occasion-eid","age:0-1, feature:new, occasion:birthday, occasion:eid, play:pretend, sub:Baby Toys",,,Little Tin Lok Baby Rattle Turntable Set in Pakistan | Toy Gift Shop,"Little Tin Lok Baby Rattle Turntable Set: three spinning suction rattles in blue, pink and yellow. 360° rotating. From 0 months.","A Little Tin Lok Baby Rattle Turntable Set: three spinning rattles in blue, pink and yellow, each with a soft animal face and beads that click as they turn. The box says 360° rotating with super strong suction, so a rattle sticks to the high-chair tray or table while baby spins it. From 0 months."
basketball-board-game-championship-trophy,Basketball Board Game – Championship Trophy Catapult,The Toy Gift Shop,Board Games,DRAFT,1350.00,,TGS-BBALL-BOARD,2,5-8,"birthday, eid",games,Family Board Games,new,"age-5-8, all, best-sellers, board-games, gifts-under-2500, gifts-under-5000, new-in, occasion-birthday, occasion-eid","age:5-8, feature:new, occasion:birthday, occasion:eid, play:games, sub:Family Board Games",,,Basketball Board Game in Pakistan | Toy Gift Shop,"Basketball board game shaped like a championship trophy: two catapults, 4 balls, most goals wins.","A two-player basketball game shaped like a championship trophy. Open the trophy and both sides play at once: put a basketball on the catapult, aim, press, and shoot it into the basket. Most goals wins. The box gives the size as 19.5 x 8.8 cm."
bead-box-jewellery-kit-teal,"Bead Box Jewellery Kit – Letters, Pearls and Beads",The Toy Gift Shop,"Arts, Crafts & Creative Toys",DRAFT,1050.00,,TGS-BEAD-BOX-TEAL,6,3-5,"birthday, eid",build,Art Sets,new,"age-3-5, all, arts-crafts-creative-toys, best-sellers, gifts-under-2500, gifts-under-5000, new-in, occasion-birthday, occasion-eid","age:3-5, feature:new, occasion:birthday, occasion:eid, play:build, sub:Art Sets",,,Bead Box Jewellery Kit in Pakistan | Toy Gift Shop,"Teal bead box with six trays: alphabet beads, pearls, pastels and striped beads, with elastic cord.","A teal carry case with six trays of beads: alphabet cubes for spelling out names, pearls, pastel rounds, striped melon beads and a spool of elastic cord in the middle. Enough for a whole afternoon of bracelets, and it all clips away again."
block-building-toys-in-clear-storage-jar,Block Building Toys in Clear Storage Jar with Red Lid,The Toy Gift Shop,Building & Construction Toys,DRAFT,4250.00,,TGS-BLOCK-BUILDING,2,3-5,"birthday, eid",build,Building Blocks,new,"age-3-5, all, best-sellers, building-construction-toys, gifts-under-5000, new-in, occasion-birthday, occasion-eid","age:3-5, feature:new, occasion:birthday, occasion:eid, play:build, sub:Building Blocks",,,Block Building Toys in Pakistan | Toy Gift Shop,Colorful plastic building blocks in a clear storage jar with a red lid. Ideal for kids to build and create. Perfect for playtime and storage.,"A jar of chunky building blocks, including wheels and special pieces, with a screw-on red lid so everything goes back in after play. The blocks press together with studs, big enough for small hands."
boom-strike-hammer-game,Boom Strike Hammer Game – Light-Up Tower with Score Display,The Toy Gift Shop,Robots & Electronic Toys,DRAFT,7350.00,,TGS-BOOM-STRIKE-HAMMER,3,3-5,"birthday, eid",games,Arcade Games,new,"age-3-5, all, best-sellers, big-gifts, new-in, occasion-birthday, occasion-eid, robots-electronic-toys","age:3-5, feature:new, occasion:birthday, occasion:eid, play:games, sub:Arcade Games",,,Boom Strike Hammer Game in Pakistan | Toy Gift Shop,"Boom Strike hammer game: hit the pad, lights race up the tower, digital score. Challenge, free play, time attack and 2-player modes. Ages 3+.","Boom Strike is a real action game set: hit the pad with the hammer and the lights race up the scoring tower, with the score on the digital display. The box lists single-player modes (challenge, free play and time attack) and a two-player mode where each player gets 3 rounds and the highest total wins. Volume has three levels. Ages 3+, two players."
busy-book-match-and-learn-activity-book,Busy Book – Match and Learn Activity Book,The Toy Gift Shop,Educational Toys,DRAFT,2300.00,,TGS-BUSY-BOOK-MATCH,2,3-5,"birthday, eid",build,Learning Toys,new,"age-3-5, all, best-sellers, educational-toys, gifts-under-2500, gifts-under-5000, new-in, occasion-birthday, occasion-eid","age:3-5, feature:new, occasion:birthday, occasion:eid, play:build, sub:Learning Toys",,,Busy Book in Pakistan | Toy Gift Shop,"Busy Book: matching pages for weather and the planets, with stick-on cards that store in the book. Ages 3+.","A busy book of matching pages: lift the little cards and stick them where they belong. The weather page runs from sunshine and rainbow to typhoon and storm, and the planets page lays out Mercury to Saturn around the sun. Sturdy board pages, and everything stores back in the book. Ages 3+ as printed on the box."
camel-animal-figure,Bactrian Camel Figure,The Toy Gift Shop,Animal & Dinosaur Toys,DRAFT,2850.00,,TGS-CAMEL-FIGURE,4,3-5,"birthday, eid",pretend,Animal Figures,new,"age-3-5, all, animal-dinosaur-toys, best-sellers, gifts-under-5000, new-in, occasion-birthday, occasion-eid","age:3-5, feature:new, occasion:birthday, occasion:eid, play:pretend, sub:Animal Figures",,,Camel Figure in Pakistan | Toy Gift Shop,"Two-humped Bactrian camel figure in sandy brown, moulded detail, stands on its own.","A two-humped Bactrian camel figure in sandy brown, with dark tufts on the humps and moulded fur along the neck. It stands on its own and suits a desert scene, a nativity set or a shelf."
capsule-squishy-ball,Capsule Squishy Ball,The Toy Gift Shop,Sensory & Fidget Toys,DRAFT,1950.00,,TGS-SQUISHY-CAPSULE-BALL,5,3-5,"birthday, eid",games,Squishies,new,"age-3-5, all, best-sellers, gifts-under-2500, gifts-under-5000, new-in, occasion-birthday, occasion-eid, sensory-fidget-toys","age:3-5, feature:new, occasion:birthday, occasion:eid, play:games, sub:Squishies",,,Capsule Squishy Ball in Pakistan | Toy Gift Shop,Pastel swirl squishy ball in a clear round capsule. Soft sensory fidget toy for ages 3+.,"A soft squishy ball swirled in pastel pink, blue and yellow, packed inside a clear round capsule. Open the capsule, squeeze the ball and let it spring back. It is a toy, not food."
cartoon-animal-hand-knock-piano-series-8-tone,Cartoon Animal Hand Knock Piano Series 8-Tone Xylophone with Mallets,The Toy Gift Shop,Musical Toys,DRAFT,1050.00,,TGS-CARTOON-ANIMAL-XYLO,5,3-5,"birthday, eid",pretend,Musical Instruments,new,"age-3-5, all, best-sellers, gifts-under-2500, gifts-under-5000, musical-toys, new-in, occasion-birthday, occasion-eid","age:3-5, feature:new, occasion:birthday, occasion:eid, play:pretend, sub:Musical Instruments",,,Cartoon Animal Xylophone Piano in Pakistan | Toy Gift Shop,8-tone cartoon animal hand xylophone piano toy with mallets for ages 3+. Made of wood and painted plastic. Great for musical play.,"An 8-tone hand knock piano from the Cartoon Animal Hand Knock Piano Series: eight colourful keys on a wooden frame with a carry handle, played with two mallets. The box prints the music for Twinkle Twinkle Little Star and Happy Birthday so beginners can follow along. Ages 3+, with a choking hazard warning for small parts."
childrens-camera,"Children's Camera with Unicorn Design – 1080p Photo, Video and Selfie",The Toy Gift Shop,Robots & Electronic Toys,DRAFT,7650.00,,TGS-S-CAMERA,3,5-8,"birthday, eid",games,Electronic Toys,new,"age-5-8, all, best-sellers, big-gifts, new-in, occasion-birthday, occasion-eid, robots-electronic-toys","age:5-8, feature:new, occasion:birthday, occasion:eid, play:games, sub:Electronic Toys",,,Children's Camera in Pakistan | Toy Gift Shop,"Children's unicorn camera: 1080p video, 2.4 inch IPS screen, filters and selfie mode, Type-C charging. Ages 6+.","A children's camera in a unicorn design. The box specs: 1920 x 1080 video, a 2.4 inch IPS screen, photo, video and selfie modes, double photo and filter stickers, an ABS body and a 3.7V 600mAh battery that charges by Type-C in about two hours. Ages 6+."
childrens-digital-camera,Children's Digital Camera – Green,The Toy Gift Shop,Robots & Electronic Toys,DRAFT,2600.00,,TGS-S-DIGITAL-CAMERA,4,3-5,"birthday, eid",games,Electronic Toys,new,"age-3-5, all, best-sellers, gifts-under-5000, new-in, occasion-birthday, occasion-eid, robots-electronic-toys","age:3-5, feature:new, occasion:birthday, occasion:eid, play:games, sub:Electronic Toys",,,Children's Digital Camera in Pakistan | Toy Gift Shop,"Green children's digital camera with a screen on the back, pink lanyard and USB cable.","A small digital camera for children, in green. It has a big front lens, a screen on the back and simple round buttons. It comes with a pink lanyard and a USB cable. The box has tick boxes for blue, pink and green; this one is the green camera."
chocolate-bar-squishy-kinder-and-snickers,Chocolate Bar Squishy Toy – Kinder Maxi or Snickers,The Toy Gift Shop,Sensory & Fidget Toys,DRAFT,1850.00,,TGS-CHOCOLATE-BAR-SQUISHY,8,3-5,"birthday, eid",games,Squishies,new,"age-3-5, all, best-sellers, gifts-under-2500, gifts-under-5000, new-in, occasion-birthday, occasion-eid, sensory-fidget-toys","age:3-5, feature:new, occasion:birthday, occasion:eid, play:games, sub:Squishies",,,Chocolate Bar Squishy in Pakistan | Toy Gift Shop,"Chocolate bar squishy toy in Kinder Maxi or Snickers design. Squeeze and release for fidget play. A toy, not food. Ages 3+.","A soft squishy shaped like a chocolate bar, in two designs: Kinder Maxi and Snickers. Squeeze it and let it spring back. It comes in a clear wrapper. It is a toy, not food."
cocomelon-figure-set,"CoComelon TomTom, JJ, YoYo and Bingo Mini Figure Set",The Toy Gift Shop,Action Figures & Characters,DRAFT,1750.00,,TGS-COCOMELON-FIGS,3,3-5,"birthday, eid",pretend,Action Figures,new,"action-figures-characters, age-3-5, all, best-sellers, gifts-under-2500, gifts-under-5000, new-in, occasion-birthday, occasion-eid","age:3-5, feature:new, occasion:birthday, occasion:eid, play:pretend, sub:Action Figures",,,"CoComelon TomTom, JJ, YoYo and Bingo Mini Figure Set | Toy Gift Shop","Cocomelon character mini figures set for ages 3+. Includes 4 small plastic figures for pretend play. Hard plastic, no batteries, no movement.","A set of 4 small CoComelon character figures: TomTom (boy with blue helmet and goggles), JJ (baby in overalls with a yellow hair tuft), YoYo (girl with orange hair), and Bingo the family dog. For ages 3 and up as printed on the box."
colorday-tea-party-artistic-painting-set,ColorDay Tea Party Artistic Painting Set with 9 Piece Mini Tea Set and 6 Colors,The Toy Gift Shop,"Arts, Crafts & Creative Toys",DRAFT,1850.00,,TGS-TEA-PARTY-PAINT,3,5-8,"birthday, eid",build,Art Sets,new,"age-5-8, all, arts-crafts-creative-toys, best-sellers, gifts-under-2500, gifts-under-5000, new-in, occasion-birthday, occasion-eid","age:5-8, feature:new, occasion:birthday, occasion:eid, play:build, sub:Art Sets",,,Tea Party Painting Set in Pakistan | Toy Gift Shop,"ColorDay Tea Party Artistic Painting Set includes a 9-piece ceramic tea set, 6 colors of paint, and a paintbrush for children ages 5+.","A ColorDay Tea Party painting set: a 9-piece mini tea set to paint yourself, with 6 colours and a brush. Paint the teapot, the cups and the saucers, then set the table for a tea party. Ages 5+ as printed on the box."
colorful-magnetic-blocks-forest-theme-set,Colorful Magnetic Blocks Forest Theme Set,The Toy Gift Shop,Building & Construction Toys,DRAFT,4500.00,,TGS-COLORFUL-MAG-BLOCKS,2,3-5,"birthday, eid",build,Building Blocks,new,"age-3-5, all, best-sellers, building-construction-toys, gifts-under-5000, new-in, occasion-birthday, occasion-eid","age:3-5, feature:new, occasion:birthday, occasion:eid, play:build, sub:Building Blocks",,,Colorful Magnetic Blocks in Pakistan | Toy Gift Shop,"Forest-themed magnetic blocks for ages 3+, 44 pieces, translucent plastic, educational building toy.","A 44-piece set of colourful magnetic blocks on a forest theme: translucent squares, triangles and arches that click together, plus little forest animals. The box notes that the animal colours are random. Ages 3+."
cosplay-spider-launch-toys,Spider Launch Toys Wrist Transmitter with Suction-Cup Darts,The Toy Gift Shop,Battle & Action Play,DRAFT,840.00,,TGS-SPIDERWEB-LAUNCH,2,5-8,"birthday, eid",games,Battle Play,new,"age-5-8, all, battle-action-play, best-sellers, gifts-under-1000, gifts-under-2500, gifts-under-5000, new-in, occasion-birthday, occasion-eid","age:5-8, feature:new, occasion:birthday, occasion:eid, play:games, sub:Battle Play",,,Spider Launch Toys Wrist Transmitter with Suction-Cup Darts | Toy Gift Shop,"Spider Launch Toys Hero Equipment Set includes a wrist transmitter, costume, and glasses for kids aged 6+. Perfect for cosplay and pretend play.","A wrist-worn hero launcher toy. A red spider-web-print fabric sleeve wraps the wrist and forearm, connected to a hand-crank launcher unit that fires three suction-cup-tipped darts. The launcher body is black with a red base. For ages 6 and up as printed on the box."
crackle-fluff-crispy-crunch-squishy-sticks,Crackle Fluff Crispy Crunch Squishy Sticks,The Toy Gift Shop,Sensory & Fidget Toys,DRAFT,1850.00,,TGS-SQUISHY-PASTEL-STICKS,4,3-5,"birthday, eid",games,Squishies,new,"age-3-5, all, best-sellers, gifts-under-2500, gifts-under-5000, new-in, occasion-birthday, occasion-eid, sensory-fidget-toys","age:3-5, feature:new, occasion:birthday, occasion:eid, play:games, sub:Squishies",,,Crackle Fluff Crispy Crunch Squishy Sticks in Pakistan | Toy Gift Shop,Crackle Fluff Crispy Crunch pastel squishy sticks in a clear case. Soft sensory squish toy. Do not eat.,"Crackle Fluff Crispy Crunch squishy sticks: soft pastel sticks swirled in pink, yellow and blue, packed in a clear case with the Crackle Fluff label. Squeeze and squish them for sensory play. The label says do not eat. It is a toy, not food."
crisp-choco-squishy-cream-and-chocolate,Crisp Choco Squishy Toy,The Toy Gift Shop,Sensory & Fidget Toys,DRAFT,1850.00,,TGS-SQUISHY-CRISP-CHOCO,18,3-5,"birthday, eid",games,Squishies,new,"age-3-5, all, best-sellers, gifts-under-2500, gifts-under-5000, new-in, occasion-birthday, occasion-eid, sensory-fidget-toys","age:3-5, feature:new, occasion:birthday, occasion:eid, play:games, sub:Squishies",,,Crisp Choco Squishy in Pakistan | Toy Gift Shop,"Crisp Choco chocolate-bar squishy toy in cream or chocolate, in a clear case. A toy, not food.","A soft squishy shaped like a chocolate bar, in two flavours: cream (white with coloured sprinkles) and chocolate (dark brown). Squeeze it and it slowly springs back. It comes in a clear case with the Faux Crisp Choco label. It is a toy, not food."
cute-duck-slide-electric-track-toy,Cute Duck Slide Electric Track Toy,The Toy Gift Shop,Novelty & Fun Toys,DRAFT,1950.00,,TGS-CUTE-DUCK-SLIDE,7,3-5,"birthday, eid",games,Novelty Toys,new,"age-3-5, all, best-sellers, gifts-under-2500, gifts-under-5000, new-in, novelty-fun-toys, occasion-birthday, occasion-eid","age:3-5, feature:new, occasion:birthday, occasion:eid, play:games, sub:Novelty Toys",,,Cute Duck Slide in Pakistan | Toy Gift Shop,"Cute Duck Slide electric track toy with multiple ducks for ages 3+. Features an electric ladder, clear track, and fun duck figures. Perfect for kids.",This toy features a green plastic slide structure with an electric ladder mechanism. Small yellow duck figures slide down the track and can be placed on the ladder. The toy includes a clear plastic track piece and an orange flag. It is designed for children aged 3 and up.
cute-intelligent-robot-remote-control,Cute Intelligent Robot Toy with Remote Control and Follow Mode,The Toy Gift Shop,Robots & Electronic Toys,DRAFT,6800.00,,TGS-CUTE-INTELLIGE-ROBOT,2,5-8,"birthday, eid",games,Electronic Toys,new,"age-5-8, all, best-sellers, big-gifts, new-in, occasion-birthday, occasion-eid, robots-electronic-toys","age:5-8, feature:new, occasion:birthday, occasion:eid, play:games, sub:Electronic Toys",,,Cute Intelligent Robot in Pakistan | Toy Gift Shop,Cute Intelligent Robot Toy with remote control and follow mode. Ages 6+. Includes USB cable and yellow ball. Plastic construction for children.,"A Cute Intelligent Robot with three modes printed on the box: follow mode, remote control mode and escape mode. It comes with a remote, a yellow ball and a USB charging cable. The robot inside is white; the box picture is for reference. Ages 6+."
dancing-cactus-toy-with-hat-and-scarf,"Dancing Cactus Toy with Hat, Glasses and Scarf",The Toy Gift Shop,Novelty & Fun Toys,DRAFT,1550.00,,TGS-DANCING-CACTUS,8,3-5,"birthday, eid",games,Novelty Toys,new,"age-3-5, all, best-sellers, gifts-under-2500, gifts-under-5000, new-in, novelty-fun-toys, occasion-birthday, occasion-eid","age:3-5, feature:new, occasion:birthday, occasion:eid, play:games, sub:Novelty Toys",,,Dancing Cactus in Pakistan | Toy Gift Shop,"Dancing Cactus: a knitted cactus that wiggles and dances to music, dressed in a hat, sunglasses and scarf.","A knitted cactus in a cloth pot that wiggles and dances to music at the press of the button on the pot. Ours comes dressed for the part, in a purple bucket hat, pixel sunglasses and a striped scarf. It stands about as tall as a water bottle and makes a very silly gift."
desert-eagle-model-gun,J-Shot Desert Eagle Gel Blaster,The Toy Gift Shop,Battle & Action Play,DRAFT,4800.00,,TGS-DESERT-EAGLE-GUN,2,8+,"birthday, eid",games,Battle Play,new,"age-8-plus, all, battle-action-play, best-sellers, gifts-under-5000, new-in, occasion-birthday, occasion-eid","age:8+, feature:new, occasion:birthday, occasion:eid, play:games, sub:Battle Play",,,Desert Eagle Model Gun in Pakistan | Toy Gift Shop,"J-Shot Desert Eagle gel blaster that fires soft water-gel beads, with bead hopper and USB charging. Ages 14+.","The J-Shot Desert Eagle is a gel blaster that fires soft water-gel beads. The beads are soaked in water first so they swell, then loaded into the clear hopper on top. It charges by USB. The box says ages 14+, so it is for teenagers and adults, with eye protection."
digital-mini-train-wooden-number-train,Digital Mini Train – Wooden Number Train 0 to 9,The Toy Gift Shop,Educational Toys,DRAFT,2150.00,,TGS-MINI-NUMBER-TRAIN,5,3-5,"birthday, eid",build,Learning Toys,new,"age-3-5, all, best-sellers, educational-toys, gifts-under-2500, gifts-under-5000, new-in, occasion-birthday, occasion-eid","age:3-5, feature:new, occasion:birthday, occasion:eid, play:build, sub:Learning Toys",,,Digital Mini Train in Pakistan | Toy Gift Shop,Digital Mini Train: a wooden number train with carriages 0 to 9 that hook together. A first counting toy for 3+.,"A wooden pull-along train where every carriage is a number, 0 to 9, in a different colour. The carriages hook together, so children line up the numbers in order, count them out and rearrange them. The box lists body and hand-eye coordination, motor skills, imagination, spatial thinking and creativity. 36 months and up, with a choking hazard warning for small parts."
educational-keyboard-tablet,Educational Keyboard Toy with LED Screen and Alphabet Keys,The Toy Gift Shop,Musical Toys,DRAFT,3250.00,,TGS-EDU-KEYS,2,3-5,"birthday, eid",pretend,Musical Instruments,new,"age-3-5, all, best-sellers, gifts-under-5000, musical-toys, new-in, occasion-birthday, occasion-eid","age:3-5, feature:new, occasion:birthday, occasion:eid, play:pretend, sub:Musical Instruments",,,Educational Keyboard Toy in Pakistan | Toy Gift Shop,"Educational keyboard toy for ages 3+ with LED screen, alphabet keys, and piano-style keys. Made of durable plastic. Requires 3x AA batteries (not included).","An Educação learning tablet with a piano keyboard: an LED screen, alphabet and number keys, and 8 mode keys for letters, words, numbers and music. It runs on 3 x 1.5V AA batteries, which are not included, and the box says not to use rechargeable ones. Ages 3+."
electric-drill-tool-set,Electric Drill Toy with Accessories in Carry Case,The Toy Gift Shop,Pretend Play & Role Play,DRAFT,3650.00,,TGS-ELECTRIC-DRILL-SET,2,3-5,"birthday, eid",pretend,Role Play Sets,new,"age-3-5, all, best-sellers, gifts-under-5000, new-in, occasion-birthday, occasion-eid, pretend-play-role-play","age:3-5, feature:new, occasion:birthday, occasion:eid, play:pretend, sub:Role Play Sets",,,Electric Drill Toy with Accessories in Carry Case | Toy Gift Shop,"Electric drill toy with accessories in carry case. Includes drill bits, wrench, and wooden block. Designed for children to simulate drilling activities.","A toy electric drill set packaged in a clear plastic carry case. The drill has orange and gray plastic parts. It includes various accessories such as drill bits, a wrench, and a wooden block with holes. The toy is designed for children to simulate drilling and assembling."
engineering-truck-adventure-track,Engineering Truck Adventure – 7 Checkpoint Track Set,The Toy Gift Shop,Cars & Vehicles,DRAFT,3650.00,,TGS-TRUCK-ADVENTURE,7,3-5,"birthday, eid",vehicles,Die-Cast Cars,new,"age-3-5, all, best-sellers, cars-vehicles, gifts-under-5000, new-in, occasion-birthday, occasion-eid","age:3-5, feature:new, occasion:birthday, occasion:eid, play:vehicles, sub:Die-Cast Cars",,,Engineering Truck Adventure in Pakistan | Toy Gift Shop,"Engineering Truck Adventure: a 7-checkpoint track worked by levers, no batteries, with two cars. Ages 3+.","An adventure track for little engineers: push and turn the levers to send the cars through seven checkpoints, up the lift, under the crane and down the purple ramp. The box says it runs on levers and track inertia, so it needs no batteries at all. Two cars and four levers are included. Ages 3+."
follow-me-gesture-car-pink,Magic Induction Follow Me Gesture Car – Pink,The Toy Gift Shop,RC & Remote Control Toys,DRAFT,5850.00,,TGS-FOLLOW-ME-CAR,3,5-8,"birthday, eid",vehicles,RC Vehicles,new,"age-5-8, all, best-sellers, big-gifts, new-in, occasion-birthday, occasion-eid, rc-remote-control-toys","age:5-8, feature:new, occasion:birthday, occasion:eid, play:vehicles, sub:RC Vehicles",,,Follow Me Gesture Car in Pakistan | Toy Gift Shop,"Follow Me Gesture Car Remote Control Toy for kids aged 6+. Features gesture following mode, 2.4GHz remote, and includes 2 yellow balls. Plastic body with white wheels.","The Magic Induction SQN-001 is a little pink car that follows your hand. In follow mode it senses whatever is in front and drives after it; with the 2.4GHz remote you steer it yourself. The box says several cars can run at once without interfering, so they can form a fleet. Ages 6+."
four-in-one-insect-catching-game,Four in One Insect Catching Game – Magnetic Wooden Board,The Toy Gift Shop,Board Games,DRAFT,2150.00,,TGS-FOUR-INSECT-CATCHING,4,3-5,"birthday, eid",games,Family Board Games,new,"age-3-5, all, best-sellers, board-games, gifts-under-2500, gifts-under-5000, new-in, occasion-birthday, occasion-eid","age:3-5, feature:new, occasion:birthday, occasion:eid, play:games, sub:Family Board Games",,,Four in One Insect Catching Game in Pakistan | Toy Gift Shop,Four in One Insect Catching Game: a wooden board with four fruit scenes and a magnetic wand to catch the bugs. Ages 3+.,"A wooden catching board with four fruit scenes on it: apple, grapes, watermelon and strawberry. Little bugs sit in the fruit with steel heads, and the magnetic wand picks them up. Good for steady hands and early counting. 36 months and up, as printed on the box."
frenzy-racing-rc-car,Frenzy Racing 1:20 Scale Remote Control Car with 27MHz Transmitter,The Toy Gift Shop,RC & Remote Control Toys,DRAFT,1750.00,,TGS-FRENZY-RACING-CAR,7,3-5,"birthday, eid",vehicles,RC Vehicles,new,"age-3-5, all, best-sellers, gifts-under-2500, gifts-under-5000, new-in, occasion-birthday, occasion-eid, rc-remote-control-toys","age:3-5, feature:new, occasion:birthday, occasion:eid, play:vehicles, sub:RC Vehicles",,,Frenzy Racing 1:20 Scale Remote Control Car with 27MHz Transmitter | Toy Gift Shop,"Frenzy Racing 1:20 scale remote control car with 2.4GHz transmitter. Shiny blue plastic body. For ages 3 and up. Includes remote, battery, and charger.","This is a 1:20 scale remote control racing car. The car has a shiny blue finish. It moves forward, backward, and turns left or right. It comes with a black remote control with red buttons and a USB rechargeable battery. Runs on 27MHz radio control. The car is for ages 3 and up."
givelong-cute-fan-visor-hat,Givelong Cute Fan Visor Hat with Lion Design,The Toy Gift Shop,Novelty & Fun Toys,DRAFT,2550.00,,TGS-FAN-VISOR-HAT,5,3-5,"birthday, eid",games,Gadgets,new,"age-3-5, all, best-sellers, gifts-under-5000, new-in, novelty-fun-toys, occasion-birthday, occasion-eid","age:3-5, feature:new, occasion:birthday, occasion:eid, play:games, sub:Gadgets",,,Cute Fan Visor Hat in Pakistan | Toy Gift Shop,"A light blue visor hat with a 3D lion fan for kids aged 3+. USB powered, adjustable strap, and includes a charging cable. Perfect for summer cooling and fun.","A Givelong Cute Fan Hat: a visor with a little animal fan on the front. The box lists three fan speeds, low noise, air on all sides, an adjustable head strap and USB charging. Ours is the light blue one with the lion. Ages 3+."
glitter-squishy-dumpling,Glitter Squishy Dumpling in a Steamer Case,The Toy Gift Shop,Sensory & Fidget Toys,DRAFT,1350.00,,TGS-SQUISHY-BUN-STEAMER,23,3-5,"birthday, return-gift",games,Squishies,new,"age-3-5, all, best-sellers, gifts-under-2500, gifts-under-5000, new-in, occasion-birthday, occasion-return-gift, sensory-fidget-toys","age:3-5, feature:new, occasion:birthday, occasion:return-gift, play:games, sub:Squishies",,,Glitter Squishy Dumpling Toy in Pakistan | Toy Gift Shop,"Soft glitter squeeze ball with a smiling face, packed in a little bamboo-style steamer case. Colour varies. Delivered across Pakistan, cash on delivery.","Lift the lid off the little steamer basket and there is a dumpling inside with a face on it. The ball is soft and gel-filled, packed with glitter and beads that shift about under a thumb, and it settles back into shape when you let go. The case is part of the toy — it closes over the top, so the dumpling travels in a pencil case or a pocket and comes back out clean. Colours are assigned at random from the range, so the one that arrives may not be the one in the photograph. A good small gift, and a better one for a party bag. Good to know Contains a small ball — keep away from children under three. Squeeze it, don't pierce it; the gel inside is not meant to come out. In the box: one glitter squishy dumpling and its steamer-style case. Colour varies. Gift wrap and a handwritten card can be added on this page; we dispatch gift orders within 48 hours. Delivered across Pakistan in 3–5 working days, sooner in Karachi, Lahore and Islamabad. Cash on delivery available."
heart-bead-box-jewellery-kit,Heart Bead Box – Jewellery Making Kit,The Toy Gift Shop,"Arts, Crafts & Creative Toys",DRAFT,1050.00,,TGS-HEART-BEAD-BOX,7,3-5,"birthday, eid",build,Art Sets,new,"age-3-5, all, arts-crafts-creative-toys, best-sellers, gifts-under-2500, gifts-under-5000, new-in, occasion-birthday, occasion-eid","age:3-5, feature:new, occasion:birthday, occasion:eid, play:build, sub:Art Sets",,,Heart Bead Box in Pakistan | Toy Gift Shop,"Heart-shaped bead box with four trays of beads, elastic cord and charms for making bracelets.","A heart-shaped case that clips open to four trays of beads: pearls, pastels, brights and clear ones with glitter, with elastic cord and little charms in the middle. Enough to string a few bracelets, and the case keeps it all in one place afterwards."
household-set-mini-appliance-toy,Household Set Mini Appliance Toy,The Toy Gift Shop,Pretend Play & Role Play,DRAFT,1450.00,,TGS-HOUSEHOLD-SET-MINI,6,3-5,"birthday, eid",pretend,Mini Appliances,new,"age-3-5, all, best-sellers, gifts-under-2500, gifts-under-5000, new-in, occasion-birthday, occasion-eid, pretend-play-role-play","age:3-5, feature:new, occasion:birthday, occasion:eid, play:pretend, sub:Mini Appliances",,,Household Set Mini Appliance Toy in Pakistan | Toy Gift Shop,Pink Household Set mini appliance toy: choose the vacuum cleaner or the washing machine. Pretend play for ages 3+.,Pink pretend-play appliances from the Household Set range. Choose the vacuum cleaner or the washing machine; each comes in its own pink Household Set box.
huanger-folding-bucket-bath-toys,HUANGER Folding Bucket Bath Toy Set with Accessories,The Toy Gift Shop,Water & Beach Toys,DRAFT,1650.00,,TGS-FOLD-BUCKET-BATH,5,1-3,"birthday, eid",outdoor,Water Play,new,"age-1-3, all, best-sellers, gifts-under-2500, gifts-under-5000, new-in, occasion-birthday, occasion-eid, water-beach-toys","age:1-3, feature:new, occasion:birthday, occasion:eid, play:outdoor, sub:Water Play",,,HUANGER Folding Bucket Bath Toy Set with Accessories | Toy Gift Shop,"HUANGER Folding Bucket Bath Toy Set with accessories for bath time play. Safe, reliable, and folds for storage. Recommended for ages 12 months and up.",This folding bucket bath toy set includes a collapsible bucket and multiple colorful accessories. The bucket is designed to fold for compact storage. It is intended for bath time play and is suitable for children aged 12 months and up. The packaging indicates it is made of safe and reliable materials for baby toys.
huanger-puzzle-phone-dinosaur,Huanger Puzzle Phone – Dinosaur Baby Phone,The Toy Gift Shop,Baby & Toddler Toys,DRAFT,1250.00,,TGS-HUANGER-PUZZLE-PHONE,6,1-3,"birthday, eid",pretend,Baby Activity Toys,new,"age-1-3, all, baby-toddler-toys, best-sellers, gifts-under-2500, gifts-under-5000, new-in, occasion-birthday, occasion-eid","age:1-3, feature:new, occasion:birthday, occasion:eid, play:pretend, sub:Baby Activity Toys",,,Huanger Puzzle Phone in Pakistan | Toy Gift Shop,"Huanger Puzzle Phone: a dinosaur baby phone with numbered keys, music, animal sounds and a light-up screen. From 18 months.","A Huanger Puzzle Phone shaped like a little green dinosaur. The numbered keys play music, animal sounds and phone tones, with a screen that lights up. The box lists finger, mental, visual and auditory training, from 18 months."
intelligence-learning-game-educational-toy,"Intelligence Learning Game – Letters, Words, Numbers and Sounds",The Toy Gift Shop,Educational Toys,DRAFT,4150.00,,TGS-INTELLIGE-LEARNING,2,3-5,"birthday, eid",build,Learning Toys,new,"age-3-5, all, best-sellers, educational-toys, gifts-under-5000, new-in, occasion-birthday, occasion-eid","age:3-5, feature:new, occasion:birthday, occasion:eid, play:build, sub:Learning Toys",,,Intelligence Learning Game in Pakistan | Toy Gift Shop,"Educational toy for children aged 3+ to learn alphabet, numbers, and animals. Features a keyboard, speaker, and colorful design. Made of plastic.","A Guan Sheng Intelligence Learning Game tablet. The box lists two ask modes, where it asks the child to find the right letter A–Z, a number 0–9 or a whole word, and three play modes for entering letters with numbers, spelling out a word, and adding music, animal voices and sound effects. Ages 3+."
intex-aquaflow-swim-cap,Intex AquaFlow Swim Cap for Ages 8+,The Toy Gift Shop,Water & Beach Toys,DRAFT,1340.00,,TGS-AQUAFLOW-SWIM-CAP,5,8+,"birthday, eid",outdoor,Swim Gear,new,"age-8-plus, all, best-sellers, gifts-under-2500, gifts-under-5000, new-in, occasion-birthday, occasion-eid, water-beach-toys","age:8+, feature:new, occasion:birthday, occasion:eid, play:outdoor, sub:Swim Gear",,,Aquaflow Swim Cap in Pakistan | Toy Gift Shop,"Intex AquaFlow swim cap for children aged 8 and up. Latex-free, flexible swim cap to keep hair out of water. Packaged with one cap.","An Intex AquaFlow swim cap, model #55992. Latex free, stretchy, and it keeps hair out of your face in the pool. Ages 8+ as printed on the box."
king-of-fighters-kyo-kusanagi-figure,The King of Fighters Kyo Kusanagi Action Figure,The Toy Gift Shop,Action Figures & Characters,DRAFT,1990.00,,TGS-FIGHTERS-FIGURE,3,8+,"birthday, eid",pretend,Action Figures,new,"action-figures-characters, age-8-plus, all, best-sellers, gifts-under-2500, gifts-under-5000, new-in, occasion-birthday, occasion-eid","age:8+, feature:new, occasion:birthday, occasion:eid, play:pretend, sub:Action Figures",,,King Of Fighters Figure in Pakistan | Toy Gift Shop,"The King of Fighters Kyo Kusanagi action figure. Made of hard plastic, poseable, includes one accessory, for ages 15+.","A collectible figure of Kyo Kusanagi from The King of Fighters, in his fighting pose on a round black display base, with a flame effect piece. Made for display. The box says ages 15+ and contains small parts."
kpop-demon-hunters-beauty-girl-makeup-case,KPop Demon Hunters Beauty Girl Makeup Case,The Toy Gift Shop,Pretend Play & Role Play,DRAFT,2850.00,,TGS-BEAUTY-GIRL-MAKEUP,6,3-5,"birthday, eid",pretend,Makeup Sets,new,"age-3-5, all, best-sellers, gifts-under-5000, new-in, occasion-birthday, occasion-eid, pretend-play-role-play","age:3-5, feature:new, occasion:birthday, occasion:eid, play:pretend, sub:Makeup Sets",,,Beauty Girl Makeup Case in Pakistan | Toy Gift Shop,Pink glitter makeup case with pretend makeup items for pretend play. Ages 3+. Includes 12 accessories. KPOP DEMON HUNTERS brand.,"A pink glitter makeup case with a metal handle and a zip-around lid, printed with the KPop Demon Hunters Beauty Girl artwork. Inside there is a filled palette of eyeshadows, glitters and lip colours, with applicators, a nail polish and a hair bow. Ages 3+ as printed on the case."
kuromi-15th-anniversary-art-painting-set,Kuromi 15th Anniversary Art Case – Cheeky but Charming,The Toy Gift Shop,"Arts, Crafts & Creative Toys",DRAFT,5800.00,,TGS-DELUXE-ART-PAINT,2,3-5,"birthday, eid",build,Art Sets,new,"age-3-5, all, arts-crafts-creative-toys, best-sellers, big-gifts, new-in, occasion-birthday, occasion-eid","age:3-5, feature:new, occasion:birthday, occasion:eid, play:build, sub:Art Sets",,,Kuromi 15th Anniversary Art Painting Set Case | Toy Gift Shop,"Kuromi 15th Anniversary pink aluminium art case filled with coloured pencils, watercolour paints, brushes and palettes.","A pink aluminium art case with a metal frame, latches and a carry handle, printed with the Kuromi 15th Anniversary artwork and the line Cheeky but charming. Open it up and the trays hold coloured pencils, watercolour paints, brushes, palettes and erasers, so the whole kit travels together."
kuromi-character-night-light,Kuromi Character Night Light with USB Cable,The Toy Gift Shop,Novelty & Fun Toys,DRAFT,2850.00,,TGS-KUROMI-NIGHT-LIGHT,5,3-5,"birthday, eid",games,Night Lights,new,"age-3-5, all, best-sellers, gifts-under-5000, new-in, novelty-fun-toys, occasion-birthday, occasion-eid","age:3-5, feature:new, occasion:birthday, occasion:eid, play:games, sub:Night Lights",,,Kuromi Character Night Light in Pakistan | Toy Gift Shop,"Kuromi character night light toy with USB cable for children's rooms. Soft plastic, plugs into outlet, ideal for kids aged 3+.","A Kuromi-style character night light from Curemi, model ZH-165: a soft squishy head that glows warmly when you press it. It runs from the USB cable, so it suits a bedside table or a desk."
labubu-bubble-gun,Labubu Electric Bubble Gun with Lights,The Toy Gift Shop,Outdoor Toys,DRAFT,1450.00,,TGS-BUBBLE-GUN,2,3-5,"birthday, eid",outdoor,Bubble Toys,new,"age-3-5, all, best-sellers, gifts-under-2500, gifts-under-5000, new-in, occasion-birthday, occasion-eid, outdoor-toys","age:3-5, feature:new, occasion:birthday, occasion:eid, play:outdoor, sub:Bubble Toys",,,Labubu Bubble Gun in Pakistan | Toy Gift Shop,"Labubu electric bubble gun with lights, the Labubu character on top and a bubble solution bottle. Ages 3+.","An electric Labubu bubble gun with lights, with the Labubu character sitting on top. Pull the trigger to blow a stream of colourful bubbles from the round nozzle; the bubble solution bottle fits underneath."
lasika-w-f181-digital-watch,Lasika W-F181 Digital Watch,The Toy Gift Shop,Novelty & Fun Toys,DRAFT,1550.00,,TGS-LASIKA-DIGITAL-WATCH,5,3-5,"birthday, eid",games,Gadgets,new,"age-3-5, all, best-sellers, gifts-under-2500, gifts-under-5000, new-in, novelty-fun-toys, occasion-birthday, occasion-eid","age:3-5, feature:new, occasion:birthday, occasion:eid, play:games, sub:Gadgets",,,Lasika Digital Watch in Pakistan | Toy Gift Shop,"Lasika W-F181 digital watch with a slim LCD face and soft strap, in a clear display cube.","A Lasika W-F181 digital watch with a slim rectangular LCD and a soft strap, in a clear display cube. Reads the time at a glance, light on the wrist, and easy for a child to put on."
leding-the-life-diy-acrylic-message-lamp,DIY Acrylic Message Lamp with Colour Markers,The Toy Gift Shop,Novelty & Fun Toys,DRAFT,1250.00,,TGS-ACRYLIC-LED-LAMP,3,3-5,"birthday, eid",games,Night Lights,new,"age-3-5, all, best-sellers, gifts-under-2500, gifts-under-5000, new-in, novelty-fun-toys, occasion-birthday, occasion-eid","age:3-5, feature:new, occasion:birthday, occasion:eid, play:games, sub:Night Lights",,,DIY Acrylic Message Lamp in Pakistan | Toy Gift Shop,"DIY acrylic message lamp: write with the markers and your handwriting glows. 7 markers, cloth and USB cable included.","A round acrylic panel on a lit base: write or draw on it with the markers and the writing glows. The box calls it an acrylic luminescent lamp for handwriting, doodles and notes, and suggests it for birthdays and as a little personal billboard. Wipe the panel with the cloth and start again. Runs from the USB cable."
lightsaber-toy,Lightsaber Toy Sword with Sheath,The Toy Gift Shop,Novelty & Fun Toys,DRAFT,4900.00,,TGS-LIGHTSABE,3,8+,"birthday, eid",games,Novelty Toys,new,"age-8-plus, all, best-sellers, gifts-under-5000, new-in, novelty-fun-toys, occasion-birthday, occasion-eid","age:8+, feature:new, occasion:birthday, occasion:eid, play:games, sub:Novelty Toys",,,Lightsaber in Pakistan | Toy Gift Shop,A toy lightsaber with a black hilt and blade. Extends and retracts. Made of plastic. For imaginative play. Age 14+.,"A black toy sword the box calls a Lightsaber: the blade slides out of its own sheath and pushes back in, with a grey grip and guard. Ages 14+ as printed on the box, so it is one for older children and collectors."
m-206-electric-gel-blaster,M-206 Electric Gel Bead Blaster with Soak Kit,The Toy Gift Shop,Battle & Action Play,DRAFT,5300.00,,TGS-M206-GEL-BLASTER,3,8+,"birthday, eid",games,Battle Play,new,"age-8-plus, all, battle-action-play, best-sellers, big-gifts, new-in, occasion-birthday, occasion-eid","age:8+, feature:new, occasion:birthday, occasion:eid, play:games, sub:Battle Play",,,M-206 Electric Gel Bead Blaster with Soak Kit | Toy Gift Shop,"M-206 Electric Toy Gun with Gel Bullet Soak Kit for ages 14+. Includes safety goggles, USB cable, and DIY model gun parts. Perfect for action play.","This electric toy gun is a DIY model gun with a colorful patterned design. It uses gel bullets that are soaked in water before use. The kit includes a USB charging cable, safety goggles, and other accessories. It is designed for ages 14 and up."
magic-wand-crown-tiara,Magic Wand Crown Tiara with Light and Sound,The Toy Gift Shop,Fantasy & Magic Toys,DRAFT,2500.00,,TGS-MAGIC-WAND-CROWN,2,1-3,"birthday, eid",pretend,Magic & Dress-Up,new,"age-1-3, all, best-sellers, fantasy-magic-toys, gifts-under-5000, new-in, occasion-birthday, occasion-eid","age:1-3, feature:new, occasion:birthday, occasion:eid, play:pretend, sub:Magic & Dress-Up",,,Magic Wand Crown Tiara in Pakistan | Toy Gift Shop,A shiny silver and red crown tiara for pretend play. Press to activate lights and magic sounds. Ages 18 months and up. Perfect for dress-up and fantasy play.,This toy crown tiara is designed for pretend play. It features a shiny silver-colored metal-like finish with a red jewel center. Pressing the crown activates lights and magic sounds. It is intended for children aged 18 months and up.
magnetic-building-blocks-minecraft-theme-set,Magnetic Building Blocks Minecraft Theme Set,The Toy Gift Shop,Building & Construction Toys,DRAFT,2350.00,,TGS-MAG-BUILDING-BLOCKS,5,5-8,"birthday, eid",build,Building Blocks,new,"age-5-8, all, best-sellers, building-construction-toys, gifts-under-2500, gifts-under-5000, new-in, occasion-birthday, occasion-eid","age:5-8, feature:new, occasion:birthday, occasion:eid, play:build, sub:Building Blocks",,,Magnetic Building Blocks in Pakistan | Toy Gift Shop,Magnetic building blocks set with 48 pieces and 3 figures for Minecraft-inspired scene construction. Ages 6+. Plastic magnetic construction toy.,"A 48-piece magnetic building set in a Minecraft-style pixel theme, model Z33059. The box calls it DIY scene construction: snap the blocks together with magnets to restore the fun of the game and build your own scene. Ages 6+."
magnetic-digital-car-train-set,Magnetic Digital Train Set with Numbered Cars,The Toy Gift Shop,Educational Toys,DRAFT,2600.00,,TGS-MAG-DIGITAL-TRAIN,2,3-5,"birthday, eid",build,Learning Toys,new,"age-3-5, all, best-sellers, educational-toys, gifts-under-5000, new-in, occasion-birthday, occasion-eid","age:3-5, feature:new, occasion:birthday, occasion:eid, play:build, sub:Learning Toys",,,Magnetic Digital Train Set in Pakistan | Toy Gift Shop,Magnetic Digital Train Set: number cars with cartoon faces that join with magnets. A first counting toy for ages 3+.,"A magnetic number train: a locomotive and brightly painted number cars with cartoon faces that click together with magnets. Children line up the numbers in order while they play, which makes it an easy first counting toy. Ages 3+ on the box."
magnetic-world-cute-pet-building-set,Magnetic World Scene Series X Captive Cute Pet Building Set,The Toy Gift Shop,Building & Construction Toys,DRAFT,2450.00,,TGS-MAG-WORLD,2,3-5,"birthday, eid",build,Building Blocks,new,"age-3-5, all, best-sellers, building-construction-toys, gifts-under-2500, gifts-under-5000, new-in, occasion-birthday, occasion-eid","age:3-5, feature:new, occasion:birthday, occasion:eid, play:build, sub:Building Blocks",,,Magnetic World in Pakistan | Toy Gift Shop,"Magnetic World Scene Series X Captive Cute Pet Building Set. 60 magnetic plastic blocks for kids ages 3+. Build a house, tree, and pet scene.","Magnetic World, Scene Series X Captive Cute Pet: a 60-piece magnetic set that builds a little pixel world with a house, a tree and blocky pets. The box breaks the 60 pieces down by shape. Ages 3+, with a choking hazard warning for small parts."
miniature-truck-collection,Miniature Transport Truck in a Display Case,The Toy Gift Shop,Cars & Vehicles,DRAFT,1150.00,,TGS-TRUCKS,7,3-5,"birthday, eid",vehicles,Die-Cast Cars,new,"age-3-5, all, best-sellers, cars-vehicles, gifts-under-2500, gifts-under-5000, new-in, occasion-birthday, occasion-eid","age:3-5, feature:new, occasion:birthday, occasion:eid, play:vehicles, sub:Die-Cast Cars",,,Toy Trucks in Pakistan | Toy Gift Shop,Miniature transport truck with trailer in a clear display case. Black/grey or white/blue design; design varies.,"A miniature articulated transport truck in a clear display case on a black base, ready to sit on a shelf. Two designs come in this range: a black cab with a grey Transport trailer, and a white cab with a blue and orange Transport trailer. The design you receive varies."
mochi-squishy,Mochi Squishy in Clear Case,The Toy Gift Shop,Sensory & Fidget Toys,DRAFT,1850.00,,TGS-SQUISHY-MOCHI,3,3-5,"birthday, eid",games,Squishies,new,"age-3-5, all, best-sellers, gifts-under-2500, gifts-under-5000, new-in, occasion-birthday, occasion-eid, sensory-fidget-toys","age:3-5, feature:new, occasion:birthday, occasion:eid, play:games, sub:Squishies",,,Mochi Squishy in Pakistan | Toy Gift Shop,"Pastel flower mochi squishy in a small clear case. Soft sensory fidget toy for ages 3+. A toy, not food.","A soft mochi squishy in pastel pink, yellow and green, shaped like a flower on leaves, packed in a small clear case. Squeeze it and let it slowly return to shape. It is a toy, not food."
montessori-handle-light-game,Montessori Handle Light Game,The Toy Gift Shop,Baby & Toddler Toys,DRAFT,2450.00,,TGS-MONTSSRI-HANDLE-LIGHT,3,1-3,"birthday, eid",pretend,Baby Activity Toys,new,"age-1-3, all, baby-toddler-toys, best-sellers, gifts-under-2500, gifts-under-5000, new-in, occasion-birthday, occasion-eid","age:1-3, feature:new, occasion:birthday, occasion:eid, play:pretend, sub:Baby Activity Toys",,,Montessori Handle Light Game in Pakistan | Toy Gift Shop,"Blue plastic Montessori Handle Light Game with buttons, key switch, and rotary control for baby and toddler activity play. Includes power plug and key to turn on lights.","This is a blue plastic toy with multiple colored buttons, a key switch, and a rotary control. It has a power plug and a key to turn on. The toy is designed for children to press buttons and turn the key to activate lights. It is intended for baby and toddler activity play."
needoh-oreo-squishy,Schylling NeeDoh Oreo Squishy – Switch & Swap Frosting,The Toy Gift Shop,Sensory & Fidget Toys,DRAFT,1550.00,,TGS-SQUISHY-OREO,23,3-5,"birthday, eid",games,Squishies,new,"age-3-5, all, best-sellers, gifts-under-2500, gifts-under-5000, new-in, occasion-birthday, occasion-eid, sensory-fidget-toys","age:3-5, feature:new, occasion:birthday, occasion:eid, play:games, sub:Squishies",,,Schylling NeeDoh Oreo Squishy in Pakistan | Toy Gift Shop,Non-edible squishy toy shaped like an Oreo cookie with switch & swap frosting feature. Designed for sensory play and fidgeting. Ages 3+.,"A Schylling NeeDoh Oreo: a squishable Dohnut shaped like a sandwich cookie, with frosting you can switch and swap. The box calls it DOH-lectable and non-edible, and says you can mix it with other NeeDoh Dohnuts for countless variations. Squeeze it, twist it, and it springs back."
notebook-and-pen-gift-set,Notebook and Pen Gift Set in a Navy Box,The Toy Gift Shop,Novelty & Fun Toys,DRAFT,1350.00,,TGS-BLUE-TILE,3,3-5,"birthday, eid",games,Stationery Gifts,new,"age-3-5, all, best-sellers, gifts-under-2500, gifts-under-5000, new-in, novelty-fun-toys, occasion-birthday, occasion-eid","age:3-5, feature:new, occasion:birthday, occasion:eid, play:games, sub:Stationery Gifts",,,Notebook and Pen Gift Set in Pakistan | Toy Gift Shop,Notebook and pen gift set in a navy presentation box. Ready to give.,"A navy gift box holding a matching notebook and a metal pen. A simple, smart set for a teacher, a colleague or a student, and it needs no extra wrapping."
orange-die-cast-metal-off-road-monster-truck,Orange Die-Cast Metal Off-Road Monster Truck Toy,The Toy Gift Shop,Novelty & Fun Toys,DRAFT,2850.00,,TGS-ORANGE-MONSTER-TRUCK,5,3-5,"birthday, eid",games,Novelty Toys,new,"age-3-5, all, best-sellers, gifts-under-5000, new-in, novelty-fun-toys, occasion-birthday, occasion-eid","age:3-5, feature:new, occasion:birthday, occasion:eid, play:games, sub:Novelty Toys",,,Orange Monster Truck in Pakistan | Toy Gift Shop,Orange die-cast metal off-road monster truck toy with pull-back movement. For ages 3+. Collectible vehicle.,"A die-cast metal off-road vehicle in orange, with chunky wheels. Pull it back and it drives off, and the doors open, as the box says. Part of a collect-them-all range."
oubiao-10x38-toy-binoculars-with-case,Oubiao 10x38 Binoculars for Children – Pink,The Toy Gift Shop,Novelty & Fun Toys,DRAFT,1250.00,,TGS-BINOCULAR,5,3-5,"birthday, eid",games,Novelty Toys,new,"age-3-5, all, best-sellers, gifts-under-2500, gifts-under-5000, new-in, novelty-fun-toys, occasion-birthday, occasion-eid","age:3-5, feature:new, occasion:birthday, occasion:eid, play:games, sub:Novelty Toys",,,Binoculars in Pakistan | Toy Gift Shop,OUBIAO 10x38 toy binoculars for kids aged 3 and up. Plastic binoculars with carrying strap and original packaging. Fun novelty toy for children.,"Oubiao binoculars for young explorers, in pink with black eyepieces and a wrist cord. The focus wheel and the box are marked 10x38. Light enough for small hands, for the garden, the park or a birdwatching walk."
ozen-star-islamic-learning-tablet,Ozen Star Islamic Learning Tablet for Children,The Toy Gift Shop,Educational Toys,DRAFT,2500.00,,TGS-AL-QURAN-LEARNING,2,3-5,"birthday, eid",build,Learning Toys,new,"age-3-5, all, best-sellers, educational-toys, gifts-under-5000, new-in, occasion-birthday, occasion-eid","age:3-5, feature:new, occasion:birthday, occasion:eid, play:build, sub:Learning Toys",,,Al-Quran Learning Toy in Pakistan | Toy Gift Shop,Ozen Star Islamic Learning Tablet for children aged 3+. Teaches daily duas and Quran recitations with interactive buttons and Arabic text.,"An Ozen Star Islamic learning tablet, titled متعة التعلم (the joy of learning) on the box. Numbered touch keys play daily duas and Al-Quran recitations, so children can listen and repeat. Ages 3+."
paw-patrol-go-fishing-game,Paw Patrol Go Fishing Game,The Toy Gift Shop,Board Games,DRAFT,1150.00,,TGS-PAW-PATROL-GO,11,3-5,"birthday, eid",games,Family Board Games,new,"age-3-5, all, best-sellers, board-games, gifts-under-2500, gifts-under-5000, new-in, occasion-birthday, occasion-eid","age:3-5, feature:new, occasion:birthday, occasion:eid, play:games, sub:Family Board Games",,,Paw Patrol Go Fishing Game in Pakistan | Toy Gift Shop,"Paw Patrol Go Fishing Game for ages 3+. Includes blue plastic base, red fishing board, fish tokens, and two fishing rods. Fun family game.",A Paw Patrol Go Fishing game: the red board turns and the little fish open and close their mouths while you try to hook them with the rods. Ages 3+ as printed on the box.
peng-jia-multicoloured-flash-drum,Peng Jia Multicoloured Flash Drum with Sticks,The Toy Gift Shop,Musical Toys,DRAFT,2150.00,,TGS-FLASH-DRUM,9,3-5,"birthday, eid",pretend,Musical Instruments,new,"age-3-5, all, best-sellers, gifts-under-2500, gifts-under-5000, musical-toys, new-in, occasion-birthday, occasion-eid","age:3-5, feature:new, occasion:birthday, occasion:eid, play:pretend, sub:Musical Instruments",,,Peng Jia Flash Drum in Pakistan | Toy Gift Shop,"Peng Jia Multicoloured Flash Drum: lights flash as you play, three modes, volume control and two sticks. Ages 3+.","A light-up drum from Peng Jia: hit the pad and the coloured lights flash under it while the music plays. The box lists three modes with an on/off switch, a music switch button and high and low volume. Two sticks are included. It needs 3 x 1.5V AA batteries, which are not included."
playroom-toy-iron-appliance,Playroom Toy Iron Appliance for Pretend Play,The Toy Gift Shop,Pretend Play & Role Play,DRAFT,1250.00,,TGS-IRON-APPLIANCE,3,3-5,"birthday, eid",pretend,Mini Appliances,new,"age-3-5, all, best-sellers, gifts-under-2500, gifts-under-5000, new-in, occasion-birthday, occasion-eid, pretend-play-role-play","age:3-5, feature:new, occasion:birthday, occasion:eid, play:pretend, sub:Mini Appliances",,,Toy Iron Play Appliance in Pakistan | Toy Gift Shop,Playroom toy iron appliance for pretend play. Simulates ironing and sewing. Ages 3+. Plastic construction with rotating parts and lighting.,This toy iron is a pretend play appliance designed for children. It features a rotating mechanism and lighting. The toy is made of plastic and is intended for children to simulate ironing and making clothes for dolls. It is suitable for ages 3 and up.
ram-animal-figure,Ram Figure with Curled Horns,The Toy Gift Shop,Animal & Dinosaur Toys,DRAFT,2850.00,,TGS-RAM-FIGURE,3,3-5,"birthday, eid",pretend,Animal Figures,new,"age-3-5, all, animal-dinosaur-toys, best-sellers, gifts-under-5000, new-in, occasion-birthday, occasion-eid","age:3-5, feature:new, occasion:birthday, occasion:eid, play:pretend, sub:Animal Figures",,,Ram Figure in Pakistan | Toy Gift Shop,Ram figure with big curled horns and a moulded fleece. Stands steady for farm play or display.,"A sturdy ram figure with big curled horns and a moulded fleece, painted in soft yellows and browns. It stands steady on four hooves, so it holds its place in a farm set or on a shelf."
ranlok-remote-control-gear-car,Remote Control Car with Transmitter and Packaging,The Toy Gift Shop,RC & Remote Control Toys,DRAFT,2250.00,,TGS-GEAR-RC-CAR,4,3-5,"birthday, eid",vehicles,RC Vehicles,new,"age-3-5, all, best-sellers, gifts-under-2500, gifts-under-5000, new-in, occasion-birthday, occasion-eid, rc-remote-control-toys","age:3-5, feature:new, occasion:birthday, occasion:eid, play:vehicles, sub:RC Vehicles",,,Remote Control Car with Transmitter and Packaging | Toy Gift Shop,Remote control car with transparent body and visible gears. Includes handheld transmitter. Designed for children aged 3 and up. Comes in original packaging.,This remote control car has a transparent body with visible internal gears. It is controlled by a black handheld transmitter with red buttons. The packaging shows an image of a blue and black car and indicates it is for ages 3 and up. The car has two thin antennas.
rhinoceros-baby-unicorn-toy,Rhinoceros Baby Unicorn Toy with Light,The Toy Gift Shop,Baby & Toddler Toys,DRAFT,2650.00,,TGS-RHINOCERO-BABY,5,1-3,"birthday, eid",pretend,Baby Toys,new,"age-1-3, all, baby-toddler-toys, best-sellers, gifts-under-5000, new-in, occasion-birthday, occasion-eid","age:1-3, feature:new, occasion:birthday, occasion:eid, play:pretend, sub:Baby Toys",,,Rhinoceros Baby in Pakistan | Toy Gift Shop,Soft plastic unicorn toy with light feature for children aged 3+. Includes product packaging. Product code ZH-125.,"Rhinoceros Baby (ZH-125): a soft, chunky unicorn figure with a rainbow horn that lights up with a gentle glow. The box says to take the little one with you and explore the wonderful world of childhood together. Good on a bedside table."
sheep-animal-figure,Sheep Figure with Moulded Fleece,The Toy Gift Shop,Animal & Dinosaur Toys,DRAFT,2850.00,,TGS-SHEEP-FIGURE,3,3-5,"birthday, eid",pretend,Animal Figures,new,"age-3-5, all, animal-dinosaur-toys, best-sellers, gifts-under-5000, new-in, occasion-birthday, occasion-eid","age:3-5, feature:new, occasion:birthday, occasion:eid, play:pretend, sub:Animal Figures",,,Sheep Figure in Pakistan | Toy Gift Shop,"Sheep figure with a curly moulded fleece in warm brown. Steady on its feet, for farm play or display.","A sheep figure with a curly moulded fleece in warm brown, a pale face and black hooves. Steady on its feet and the right size to stand beside the ram and camel in a farm set."
shooting-elite-mp7,Shooting Elite 2-in-1 Water & Soft Bullet Toy Gun,The Toy Gift Shop,Battle & Action Play,DRAFT,5100.00,,TGS-SHOOT-ELITE-MP7,5,8+,"birthday, eid",games,Battle Play,new,"age-8-plus, all, battle-action-play, best-sellers, big-gifts, new-in, occasion-birthday, occasion-eid","age:8+, feature:new, occasion:birthday, occasion:eid, play:games, sub:Battle Play",,,Shooting Elite 2-in-1 Water & Soft Bullet Toy Gun | Toy Gift Shop,"Shooting Elite 2-in-1 water and soft bullet toy gun for kids 8+. Includes goggles, water bottle, and soft bullets. Dual mode play. Camouflage design.","This toy gun is designed for water and soft bullet play. It features a camouflage pattern with orange, black, and white colors. The gun is made of plastic and comes with accessories including goggles, a water bottle, and soft bullets. It is suitable for children aged 8 and up."
smart-remote-baby-key-fob-toy,Smart Remote Baby Key Fob with Sensory Keys,The Toy Gift Shop,Baby & Toddler Toys,DRAFT,1850.00,,TGS-SMART-REMOTE-KEYS,8,1-3,"birthday, eid",pretend,Baby Activity Toys,new,"age-1-3, all, baby-toddler-toys, best-sellers, gifts-under-2500, gifts-under-5000, new-in, occasion-birthday, occasion-eid","age:1-3, feature:new, occasion:birthday, occasion:eid, play:pretend, sub:Baby Activity Toys",,,Smart Remote Baby Key Fob in Pakistan | Toy Gift Shop,"Smart Remote baby key fob: car horn, start sound, lock and music with a blinking light and three sensory keys. From 18 months.","A baby's own car key fob: press the buttons for the car horn, the start sound, the car lock and music, with a light that blinks along. Three textured sensory keys hang from the ring for little fingers to turn over and chew. The box lists finger, mental, visual and auditory training, from 18 months."
spider-launcher-toy,Spider Launcher Wrist Toy with Glove,The Toy Gift Shop,Battle & Action Play,DRAFT,2900.00,,TGS-SPIDER-LAUNCHER,5,5-8,"birthday, eid",games,Battle Play,new,"age-5-8, all, battle-action-play, best-sellers, gifts-under-5000, new-in, occasion-birthday, occasion-eid","age:5-8, feature:new, occasion:birthday, occasion:eid, play:games, sub:Battle Play",,,Spider Launcher in Pakistan | Toy Gift Shop,"Spider Launcher Toy with Glove and Launch Head. Includes red and blue glove, black launch head, infrared switch, and magic adhesive tape. For children to play with.",A superhero-style spider launcher you wear on your wrist with the striped glove. Press the pressing plate to fire the launch head; the suction cup sticks to smooth surfaces and the wire winds back in with the collection switch. The box lists an infrared switch and magic adhesive tape. Charges by USB.
stacked-circle-ring-stacker-toy,Stacked Circle Ring Stacker with Dinosaur Topper,The Toy Gift Shop,Baby & Toddler Toys,DRAFT,1550.00,,TGS-STACKED-CIRCLE-RING,2,5-8,"birthday, eid",pretend,Baby Activity Toys,new,"age-5-8, all, baby-toddler-toys, best-sellers, gifts-under-2500, gifts-under-5000, new-in, occasion-birthday, occasion-eid","age:5-8, feature:new, occasion:birthday, occasion:eid, play:pretend, sub:Baby Activity Toys",,,Stacked Circle Ring Stacker in Pakistan | Toy Gift Shop,Stacked Circle Ring Stacker Toy with animal figures for babies 6 months and up. Soft plastic rings with textures and numbers for sensory play and stacking.,"A Stacked Circle ring stacker in soft pastel colours, with a little dinosaur that sits on top. The rings are textured, some with letters, numbers and hearts, so there is plenty to feel while stacking. The box says from 6 months, to accompany children as they grow up happily."
stacked-cup-battle-game,"Prism Stacked Cup Battle Game – 12 Cups, Bell and Pattern Cards",The Toy Gift Shop,Board Games,DRAFT,2800.00,,TGS-STACKED-CUP-BATTLE,2,3-5,"birthday, eid",games,Family Board Games,new,"age-3-5, all, best-sellers, board-games, gifts-under-5000, new-in, occasion-birthday, occasion-eid","age:3-5, feature:new, occasion:birthday, occasion:eid, play:games, sub:Family Board Games",,,Prism Stacked Cup Battle Game in Pakistan | Toy Gift Shop,"Prism Stacked Cup Battle: a two-player speed stacking game with 12 cups, a bell and 14 pattern cards. Ages 36 months+.","A two-player speed stacking game from Prism. Each player has a set of six coloured cups. Flip a pattern card, stack your cups to match it as fast as you can, then hit the bell first to win the round. Good for colour matching, quick thinking and hand-eye coordination. Good to know: contains small parts, so not suitable for children under 3. Play with an adult nearby."
stars-football-figure-ronaldo-and-mbappe,STARS Football Figure with Trophy and Ball – Ronaldo or Mbappé,The Toy Gift Shop,Action Figures & Characters,DRAFT,1250.00,,TGS-FIG-FOOTBALL-STAR,6,3-5,"birthday, eid",pretend,Action Figures,new,"action-figures-characters, age-3-5, all, best-sellers, gifts-under-2500, gifts-under-5000, new-in, occasion-birthday, occasion-eid","age:3-5, feature:new, occasion:birthday, occasion:eid, play:pretend, sub:Action Figures",,,STARS Football Figure with Trophy and Ball in Pakistan | Toy Gift Shop,STARS football figure with a gold trophy and football: Ronaldo (Al-Nassr or Man United) or Mbappé (Real Madrid). Ages 3+.,"A STARS football figure with a gold trophy and a football, in a window box. Choose Ronaldo in the yellow Al-Nassr No. 7 kit, Ronaldo in the red Man United No. 7 kit, or Mbappé in the white Real Madrid No. 10 kit. Ages 3+ as printed on the box."
steering-wheel-simulated-driving-toy,Steering Wheel Simulated Driving Toy with Car Sounds,The Toy Gift Shop,Pretend Play & Role Play,DRAFT,1850.00,,TGS-STEERING-WHEEL-SIM,7,3-5,"birthday, eid",pretend,Role Play Sets,new,"age-3-5, all, best-sellers, gifts-under-2500, gifts-under-5000, new-in, occasion-birthday, occasion-eid, pretend-play-role-play","age:3-5, feature:new, occasion:birthday, occasion:eid, play:pretend, sub:Role Play Sets",,,Steering Wheel Simulated Driving Toy in Pakistan | Toy Gift Shop,"Toy steering wheel with engine, siren and horn sounds, 360° turning and a suction base for the table or car window. Ages 3+.","A child's steering wheel that sticks down on a table or a car window with its suction base, so a passenger can drive along. The box lists the sound effects: engine, start, brake, parking, trumpet, fire truck, ambulance and police car, and the wheel turns a full 360 degrees. Ours is the teal and pink one. Ages 3+."
sticky-ball-dart-board-72cm,Sticky Ball Dart Board – 72cm Fabric Target with Sticky Balls,The Toy Gift Shop,Sports Toys,DRAFT,2150.00,,TGS-STICKY-DART-BOARD,4,3-5,"birthday, eid",outdoor,Sports Sets,new,"age-3-5, all, best-sellers, gifts-under-2500, gifts-under-5000, new-in, occasion-birthday, occasion-eid, sports-toys","age:3-5, feature:new, occasion:birthday, occasion:eid, play:outdoor, sub:Sports Sets",,,Sticky Ball Dart Board in Pakistan | Toy Gift Shop,"72cm sticky ball dart board: throw the balls at the fabric target, score 10 to 100. Folds away. Ages 3+.","A 72cm fabric dart board that hangs on the wall or a door, with sticky balls instead of points. Throw a ball, it grips the cloth wherever it lands, and the cartoon animals are marked from 10 to 100 so you can keep score. The box says it folds away and takes repeated use without losing shape, and it suits several players at once."
study-book-intellectual-learning-toy,Study Book Intellectual Learning Toy for Ages 3+,The Toy Gift Shop,Educational Toys,DRAFT,2450.00,,TGS-STUDY-BOOK,7,3-5,"birthday, eid",build,Learning Toys,new,"age-3-5, all, best-sellers, educational-toys, gifts-under-2500, gifts-under-5000, new-in, occasion-birthday, occasion-eid","age:3-5, feature:new, occasion:birthday, occasion:eid, play:build, sub:Learning Toys",,,Study Book in Pakistan | Toy Gift Shop,"Interactive educational toy book for ages 3+ with sound and visual learning activities. Features foldable design, buttons, and parent-child interaction. Made of plastic with battery pack.","A Study Book for intellectual learning: a fold-out electronic book with a carry handle and a button on every page. The box lists the contents as letters, animals, vehicles, numbers, relationships and musical instruments, with phonetic learning and a record button for parent-child play. It needs 3 x AA batteries, which are not included."
sup-handheld-game-console,SUP Game Box Power M3 Handheld Game Console,The Toy Gift Shop,Robots & Electronic Toys,DRAFT,7850.00,,TGS-HAND-CONSOLE,3,5-8,"birthday, eid",games,Arcade Games,new,"age-5-8, all, best-sellers, big-gifts, new-in, occasion-birthday, occasion-eid, robots-electronic-toys","age:5-8, feature:new, occasion:birthday, occasion:eid, play:games, sub:Arcade Games",,,SUP Handheld Game Console in Pakistan | Toy Gift Shop,"SUP Game Box Power M3 handheld game console with built-in retro games, colour screen, rechargeable battery and AV cable to play on a TV.","The SUP Game Box Power M3 is a real handheld game console with built-in retro games, a colour screen and SUP-style red and black buttons. It runs on a rechargeable BL-5C battery, and the AV cable connects it to a TV so the games can be played on the big screen."
superhero-wrist-transmitter,Super Hero Wrist Transmitter Toy,The Toy Gift Shop,Battle & Action Play,DRAFT,1150.00,,TGS-SUPERHERO-WRIST,3,3-5,"birthday, eid",games,Battle Play,new,"age-3-5, all, battle-action-play, best-sellers, gifts-under-2500, gifts-under-5000, new-in, occasion-birthday, occasion-eid","age:3-5, feature:new, occasion:birthday, occasion:eid, play:games, sub:Battle Play",,,Super Hero Wrist Transmitter Toy in Pakistan | Toy Gift Shop,Super Hero Wrist Transmitter Toy for ages 3+. Shoots soft foam bullets. Includes 10 bullets. Perfect for cooperative play. No batteries needed.,This wrist transmitter toy is designed for children aged 3 and up. It features a wrist-mounted launcher that shoots soft foam bullets. The toy includes a set of orange foam bullets and is intended for cooperative play. It operates using a buckle launch mechanism and does not require batteries.
teacher-laptop-educational-toy,Teacher Laptop – Quran Learning Toy Laptop,The Toy Gift Shop,Educational Toys,DRAFT,3250.00,,TGS-TEACHER-LAPTOP,3,3-5,"birthday, eid",build,Learning Toys,new,"age-3-5, all, best-sellers, educational-toys, gifts-under-5000, new-in, occasion-birthday, occasion-eid","age:3-5, feature:new, occasion:birthday, occasion:eid, play:build, sub:Learning Toys",,,Teacher Laptop in Pakistan | Toy Gift Shop,"Educational toy laptop for children aged 1-6 to learn Quran. Features Arabic text, images, and interactive buttons. Made of plastic, includes toy and box.","The Teacher Laptop (المعلم لاب توب, model GS20931) is a toy laptop for Quran learning: one touch on a key plays a surah or a dua, with Arabic labels across the screen and keyboard. The box calls it the modern way of electronic learning. It needs 3 x AA batteries, which are not included. Not suitable for children under 3, as it has small parts."
thomas-and-friends-building-blocks-toy-set,Thomas & Friends Orbit Building Blocks – 43 Pieces in a Backpack,The Toy Gift Shop,Building & Construction Toys,DRAFT,4250.00,,TGS-THOMAS-FRIENDS-BUILDING,2,3-5,"birthday, eid",build,Building Blocks,new,"age-3-5, all, best-sellers, building-construction-toys, gifts-under-5000, new-in, occasion-birthday, occasion-eid","age:3-5, feature:new, occasion:birthday, occasion:eid, play:build, sub:Building Blocks",,,Thomas & Friends Building Blocks in Pakistan | Toy Gift Shop,Thomas & Friends Building Blocks Toy Set with Train and Tracks. Includes 43 pieces for children aged 3+. Build and play with Thomas and friends.,"A 43-piece Thomas & Friends Orbit Building Blocks set: a blue Thomas engine, chunky blocks and a windmill piece, packed in a clear backpack bag with a zip and straps so it can be carried and tidied away. Ages 3+ as printed on the bag."
toy-story-friction-car-woody,Disney Pixar Toy Story Friction Car – Woody's Truck,The Toy Gift Shop,Cars & Vehicles,DRAFT,1850.00,,TGS-TOY-STORY-FRICTION,3,3-5,"birthday, eid",vehicles,Die-Cast Cars,new,"age-3-5, all, best-sellers, cars-vehicles, gifts-under-2500, gifts-under-5000, new-in, occasion-birthday, occasion-eid","age:3-5, feature:new, occasion:birthday, occasion:eid, play:vehicles, sub:Die-Cast Cars",,,Toy Story Friction Car in Pakistan | Toy Gift Shop,Disney Pixar Toy Story friction car: Woody's cow-print pickup. Push it and let go. Ages 3+.,"Woody's pickup from Disney Pixar's Toy Story, as an MKB friction car: push it along and let go, and it runs on by itself. Cow-print doors, a red hat on the roof and the sheriff's badge on the side. The box shows five characters in the range; this one is Woody. Ages 3+."
train-stacking-domino-toy,Train Stacking Domino Toy with 60 Pieces,The Toy Gift Shop,Novelty & Fun Toys,DRAFT,2850.00,,TGS-TRAIN-STACKING,3,3-5,"birthday, eid",games,Novelty Toys,new,"age-3-5, all, best-sellers, gifts-under-5000, new-in, novelty-fun-toys, occasion-birthday, occasion-eid","age:3-5, feature:new, occasion:birthday, occasion:eid, play:games, sub:Novelty Toys",,,Train Stacking Toy in Pakistan | Toy Gift Shop,"Train Stacking Domino Toy with 60 Pieces. Automatic domino placement, adjustable direction, plastic construction, for ages 3+. Includes train, dominoes, and manual.","A toy train with a vertical domino track that automatically places dominoes. It includes 60 domino pieces in red, green, and blue. The train has wheels and a domino placement mechanism. It is for children aged 3 and up."
unicorn-night-light,Unicorn Night Light with Charging Cable,The Toy Gift Shop,Novelty & Fun Toys,DRAFT,2650.00,,TGS-UNICORN-NIGHTLIGHT,5,3-5,"birthday, eid",games,Night Lights,new,"age-3-5, all, best-sellers, gifts-under-5000, new-in, novelty-fun-toys, occasion-birthday, occasion-eid","age:3-5, feature:new, occasion:birthday, occasion:eid, play:games, sub:Night Lights",,,Unicorn Night Light in Pakistan | Toy Gift Shop,"A white squishy unicorn night light with rainbow horn, designed for children's rooms. Includes charging cable. Made in China.","A squishy unicorn night light (model ZH-139) with a rainbow horn and sleepy closed eyes. It gives a soft 2W glow and charges by USB, and the box says to charge it before first use. About 92 x 131.5 x 139 mm, so it sits nicely on a bedside table."
vending-machine-toy,Vending Machine Toy with Sound Effects and Drink Dispenser,The Toy Gift Shop,Pretend Play & Role Play,DRAFT,5800.00,,TGS-VENDING,2,3-5,"birthday, eid",pretend,Role Play Sets,new,"age-3-5, all, best-sellers, big-gifts, new-in, occasion-birthday, occasion-eid, pretend-play-role-play","age:3-5, feature:new, occasion:birthday, occasion:eid, play:pretend, sub:Role Play Sets",,,Vending Machine Toy in Pakistan | Toy Gift Shop,"Vending Machine Toy with sound effects, drink dispensers, and pretend play accessories. Perfect for children ages 3+ to simulate buying drinks.","This toy vending machine is a plastic replica with a coin slot, drink dispensers, and sound effects. It includes drink cans and cups for pretend play. The machine has a green and white color scheme with yellow buttons. It is designed for children to simulate buying drinks."
whoosh-classic-legends-drift-car,1:43 Scale Classic Legends RC Drift Car with Remote Control,The Toy Gift Shop,RC & Remote Control Toys,DRAFT,11400.00,,TGS-DRIFT-LEGENDS-RC,2,8+,"birthday, eid",vehicles,RC Vehicles,new,"age-8-plus, all, best-sellers, big-gifts, new-in, occasion-birthday, occasion-eid, rc-remote-control-toys","age:8+, feature:new, occasion:birthday, occasion:eid, play:vehicles, sub:RC Vehicles",,,1:43 Scale Classic Legends RC Drift Car with Remote Control | Toy Gift Shop,"1:43 scale classic legends RC drift car with remote control, 4WD, gyro, for ages 8+, includes batteries and extra parts.","This 1:43 scale remote-controlled drift car is designed for indoor and outdoor play. It features a 4WD system and gyroscopic control for drifting. The car is made of plastic and includes a remote controller, batteries, and extra parts. It is suitable for ages 8 and up."
wooden-marble-balance-tower-game,Game of Marbles – Wooden Balance Tower,The Toy Gift Shop,Board Games,DRAFT,1450.00,,TGS-WD-MARBLE-BALANCE,2,5-8,"birthday, eid",games,Family Board Games,new,"age-5-8, all, best-sellers, board-games, gifts-under-2500, gifts-under-5000, new-in, occasion-birthday, occasion-eid","age:5-8, feature:new, occasion:birthday, occasion:eid, play:games, sub:Family Board Games",,,Wooden Marble Balance Tower Game in Pakistan | Toy Gift Shop,"Wooden Marble Balance Tower Game for children aged 3+. A fun, educational toy with rotating cups and marbles. Great for developing hand-eye coordination.","A wooden balance tower game: hang the little cups on the tree's pegs and drop the marbles in, without tipping the tower over. Each cup is painted with a different symbol. A quiet game of steady hands."
wooden-shape-sorter-house,ViVi Wood Toy Digital Shape Smart House – Wooden Shape and Number Sorter,The Toy Gift Shop,Baby & Toddler Toys,DRAFT,2250.00,,TGS-WD-SHAPE-SORTER,2,1-3,"birthday, eid",pretend,Baby Toys,new,"age-1-3, all, baby-toddler-toys, best-sellers, gifts-under-2500, gifts-under-5000, new-in, occasion-birthday, occasion-eid","age:1-3, feature:new, occasion:birthday, occasion:eid, play:pretend, sub:Baby Toys",,,ViVi Wood Toy Digital Shape Smart House in Pakistan | Toy Gift Shop,"ViVi Wood Toy Digital Shape Smart House: a wooden house to sort shapes and numbers. Builds shape recognition, hand-eye coordination and observation.",This wooden shape sorter house is designed for toddlers to match colorful shapes into corresponding holes. The house has a blue roof with three shapes and a beige body with three large number shapes. It is made of painted wood and includes a handle for portability. The toy helps develop hand-eye coordination and shape recognition.
xwarrior-hero-elite-flame,X Warrior Hero Toy Blaster with 6 Dart Bullets,The Toy Gift Shop,Battle & Action Play,DRAFT,1450.00,,TGS-XWARRIOR-ELITE-FLAME,2,8+,"birthday, eid",games,Battle Play,new,"age-8-plus, all, battle-action-play, best-sellers, gifts-under-2500, gifts-under-5000, new-in, occasion-birthday, occasion-eid","age:8+, feature:new, occasion:birthday, occasion:eid, play:games, sub:Battle Play",,,X Warrior Hero Toy Blaster with 6 Dart Bullets | Toy Gift Shop,"X Warrior Hero toy blaster with 6 dart bullets. Hard plastic, pull-back loading, for ages 8+. Perfect for indoor or outdoor play.",This toy blaster is made of hard plastic. It has a pull-back mechanism to load and fire darts. The blaster comes with six blue and orange dart bullets. It is designed for children aged 8 and up for indoor or outdoor play.
zoto-brand-swimming-goggles-in-clear-case,ZOTO Brand Swimming Goggles in Clear Case,The Toy Gift Shop,Water & Beach Toys,DRAFT,1450.00,,TGS-SWIMMING-GOGGLES,3,3-5,"birthday, eid",outdoor,Swim Gear,new,"age-3-5, all, best-sellers, gifts-under-2500, gifts-under-5000, new-in, occasion-birthday, occasion-eid, water-beach-toys","age:3-5, feature:new, occasion:birthday, occasion:eid, play:outdoor, sub:Swim Gear",,,Swimming Goggles in Pakistan | Toy Gift Shop,ZOTO brand swimming goggles for children with clear plastic frame and blue lenses. Includes carrying case and protective film. Ideal for water and beach play.,"Zoto swimming goggles with blue lenses and a soft seal, in a clear case with a hanger so they dry and store neatly. The lenses come with a protective film marked Remove Before Use."
