product_handle,product_title,variant,sku,barcode,price,compare_at_price,stock
1-8-scale-die-cast-mountain-bike-model,Superior 1:8 Scale Die-Cast Mountain Bike Model,Default Title,TGS-DIECAST-MOUNTAIN-BIKE,,2200.00,,2
3-in-1-walking-elephant-toy,3-in-1 Walking Elephant Toy with Sound and Light,Default Title,TGS-ELEPHANT-FIGURE,,1200.00,,1
3d-printing-pen,3D Printing Pen with USB Charger and Filament,Default Title,TGS-3D-PRINTING-PEN,,3800.00,,9
4drc-vita-50-jet-drone,4DRC Vita-50 Jet-Style 4-Axis Remote Control Drone,Default Title,TGS-VITA50-JET-DRONE,,5350.00,,2
abero-enlightening-steering-wheel,abero Enlightening Steering Wheel – Baby Activity Toy,Default Title,TGS-ABERO-STEER-WHEEL,,4350.00,,2
aerobat-four-axis-mini-drone,Aerobat Four Axis Mini Drone with Remote Control,Default Title,TGS-FOUR-AXIS-DRONE,,6000.00,,2
aike-led-digital-watch-black,Aike LED Digital Watch – Black Strap,Default Title,TGS-AIKE-LED-WATCH,,1650.00,,5
air-combat-fighter-jet-toy,Air Combat Fighter Jet Toy with Sound and Flashing Lights,Default Title,TGS-AIR-COMBAT-FIGHTER,,1400.00,,1
air-falcon-drone-air-racer-2-in-1-flying-car,Air Falcon Drone Air Racer 2-in-1 Flying Car,Default Title,TGS-AIR-FALCON-DRONE,,7850.00,,1
aks-74u-electric-water-bomb-shooter,Aks-74U Electric Continuous Water Bomb Shooter Toy,Default Title,TGS-AKS-74U-WATER,,4400.00,,1
angelo-notebook-pc-educational-toy-with-mouse,Angelo Notebook PC Educational Toy with Mouse,Default Title,TGS-NOTEBOOK-PC,,5500.00,,3
animal-piano-keyboard,Animal Piano Keyboard with Animal Sound Buttons and Recording Function,Default Title,TGS-ANIMAL-PIANO-KEYS,,7500.00,,3
aroma-diffuser-vase-kit,Handmade Aroma Diffuser Vase Kit,Default Title,TGS-AROMA-DIFFUSER-VASE,,2400.00,,1
avengers-hulk-hero-hands,Avengers Hulk Hero Hands – Soft Plastic,Default Title,TGS-HULK-HANDS,,2200.00,,1
baby-book-electronic-learning,Baby Book Electronic Learning Toy with Sound,Default Title,TGS-BABY-BOOK,,2250.00,,3
baby-rattle-turntable-set,Little Tin Lok Baby Rattle Turntable Set,Default Title,TGS-BABY-RATTLE-TURNTABLE,,1850.00,,9
ball-catching-claw-game,Ball Catching Claw Game with Digital Timer and Steering Wheel,Default Title,TGS-BALL-CATCHING-CLAW,,8500.00,,1
ball-top-stacking-rings,Rainbow Stacking Rings with Ball Topper – Small,Default Title,TGS-BALL-TOP-STACKING-RINGS,,450.00,,2
barraca-poney-unicorn-pop-up-tent,"Pony Pop-Up Play Tent with Unicorn Print, 70 x 70 x 90 cm",Default Title,TGS-PONY-POPUP-TENT,,2900.00,,1
basketball-board-game-championship-trophy,Basketball Board Game – Championship Trophy Catapult,Default Title,TGS-BBALL-BOARD,,1350.00,,2
basketball-shooting-machine,Basketball Shooting Machine with Dinosaur Character,Default Title,TGS-BBALL-SHOOTING,,6250.00,,2
bead-box-jewellery-kit-teal,"Bead Box Jewellery Kit – Letters, Pearls and Beads",Default Title,TGS-BEAD-BOX-TEAL,,1050.00,,6
bear-stacking-rings-large,Rainbow Stacking Rings with Bear Topper – Large,Default Title,TGS-BEAR-STACKING-RINGS-L,,1350.00,,2
bear-stacking-rings-medium,Rainbow Stacking Rings with Bear Topper – Medium,Default Title,TGS-BEAR-STACKING-RINGS-M,,950.00,,2
blast-of-flames-led-light-sword-toy,Blast Of Flames LED Light Sword Toy,Default Title,TGS-BLAST-FLAMES,,3650.00,,1
block-building-toys-in-clear-storage-jar,Block Building Toys in Clear Storage Jar with Red Lid,Default Title,TGS-BLOCK-BUILDING,,4250.00,,2
boom-strike-hammer-game,Boom Strike Hammer Game – Light-Up Tower with Score Display,Default Title,TGS-BOOM-STRIKE-HAMMER,,7350.00,,3
bracelet-braiding-machine-kit,Bracelet Braiding Machine Kit – Twist 12 Bracelets,Default Title,TGS-BRACELET-BRAIDING-KIT,,2350.00,,2
braiding-bracelet-loom-kit,Braiding Bracelet Loom Kit – 10 Knot Styles,Default Title,TGS-BRAIDING-BRACELET,,3850.00,,2
brilliant-talking-telephone-toy,Brilliant Talking Telephone Toy for Babies,Default Title,TGS-BRILLIANT-TALKING-PHONE,,2250.00,,2
busy-book-match-and-learn-activity-book,Busy Book – Match and Learn Activity Book,Default Title,TGS-BUSY-BOOK-MATCH,,2300.00,,2
camel-animal-figure,Bactrian Camel Figure,Default Title,TGS-CAMEL-FIGURE,,2850.00,,4
capsule-squishy-ball,Capsule Squishy Ball,Default Title,TGS-SQUISHY-CAPSULE-BALL,,1950.00,,5
cars-3-alloy-car-carrier-with-4-cars,Cars 3 Alloy Car Carrier Truck with 4 Cars,Default Title,TGS-CARS3-CARRIER-4CARS,,3550.00,,5
cars-3-alloy-truck-with-2-cars,Cars 3 Alloy Car Set – Truck with 2 Cars,Default Title,TGS-CARS3-TRUCK-2CARS,,2850.00,,5
cars-lightning-mcqueen-steering-wheel,Disney Cars Steering Wheel with Sounds,Default Title,TGS-CARS-STEER-WHEEL,,1450.00,,1
cartoon-animal-hand-knock-piano-series-8-tone,Cartoon Animal Hand Knock Piano Series 8-Tone Xylophone with Mallets,Default Title,TGS-CARTOON-ANIMAL-XYLO,,1050.00,,5
catan-board-game,"Catan - Trade, Build, Settle Board Game",Default Title,TGS-CATAN,,5800.00,,3
catapult-deformation-truck-car-carrier,Catapult Eformation Truck 2-in-1 Car Carrier Toy,Default Title,TGS-CATAPULT-EFORMATIO-TRUCK,,4250.00,,1
chess-checkers-magnetic-set,Chess / Checkers 2-in-1 Magnetic Travel Set with Foldable Board,Default Title,TGS-CHESS-CHECKERS,,5850.00,,2
chicks-icebreaker-adventure,Chicks Icebreaker Adventure - Break the Ice Balance Game,Default Title,TGS-CHICKS-ICEBREAKER,,1400.00,,1
children-tent-play-house,Children Play House Tent with Frame,Default Title,TGS-CHILDREN-HOUSE-TENT,,5250.00,,3
childrens-camera,"Children's Camera with Unicorn Design – 1080p Photo, Video and Selfie",Default Title,TGS-S-CAMERA,,7650.00,,3
childrens-digital-camera,Children's Digital Camera – Green,Default Title,TGS-S-DIGITAL-CAMERA,,2600.00,,4
childrens-puzzle-game-card-machine,Children's Puzzle Game Card Machine,Default Title,TGS-CARD-PUZZLE,,2250.00,,1
chocolate-bar-squishy-kinder-and-snickers,Chocolate Bar Squishy Toy – Kinder Maxi or Snickers,Kinder Maxi,TGS-CHOCOLATE-BAR-SQUISHY-KINDER-MAXI,,1850.00,,4
chocolate-bar-squishy-kinder-and-snickers,Chocolate Bar Squishy Toy – Kinder Maxi or Snickers,Snickers,TGS-CHOCOLATE-BAR-SQUISHY-SNICKERS,,1850.00,,4
classic-camper-van-model,Classic Camper Van Model with Opening Door – Orange & Blue,Default Title,TGS-CAMPER-VAN,,1250.00,,9
classic-express-remote-control-train-set,Classic Express Remote Control Train Set with Smoke System and Circular Track,Default Title,TGS-RC-CONTROL-TRAIN,,5850.00,,1
cnuno-card-game,CNUNO Family Card Game,Default Title,TGS-CNUNO,,480.00,,3
cocomelon-figure-set,"CoComelon TomTom, JJ, YoYo and Bingo Mini Figure Set",Default Title,TGS-COCOMELON-FIGS,,1750.00,,3
coffee-machine-cafe-set,Coffee Machine Set with Cash Register and Play Food,Default Title,TGS-COFFEE-MACHINE-SET,,3450.00,,1
colorday-tea-party-artistic-painting-set,ColorDay Tea Party Artistic Painting Set with 9 Piece Mini Tea Set and 6 Colors,Default Title,TGS-TEA-PARTY-PAINT,,1850.00,,3
colorful-magnetic-blocks-forest-theme-set,Colorful Magnetic Blocks Forest Theme Set,Default Title,TGS-COLORFUL-MAG-BLOCKS,,4500.00,,2
colzloom-rubber-band-bracelet-kit,Col-Z-Loom Rubber Band Bracelet Kit – Magic Unicorn Rainbow Colours,Default Title,TGS-COLZLOOM-BRACELET-KIT,,1850.00,,3
cosplay-spider-launch-toys,Spider Launch Toys Wrist Transmitter with Suction-Cup Darts,Default Title,TGS-SPIDERWEB-LAUNCH,,840.00,,2
crackle-fluff-crispy-crunch-squishy-sticks,Crackle Fluff Crispy Crunch Squishy Sticks,Default Title,TGS-SQUISHY-PASTEL-STICKS,,1850.00,,4
crisp-choco-squishy-cream-and-chocolate,Crisp Choco Squishy Toy,Cream,TGS-SQUISHY-CRISP-CHOCO-CREAM,,1850.00,,11
crisp-choco-squishy-cream-and-chocolate,Crisp Choco Squishy Toy,Chocolate,TGS-SQUISHY-CRISP-CHOCO-CHOCOLATE,,1850.00,,7
crystal-glue-finger-gyro-kit,DIY Crystal Glue Finger Gyro Kit – Make 3 Resin Spinners,Default Title,TGS-CRYSTAL-GLUE-FINGER-GYRO,,3500.00,,1
cube-squeeze-ball-super-solid-squish-toy,Cube Squeeze Ball - Super Solid Squish Toy,Default Title,TGS-CUBE-SQUEEZE-FIDGET,,2250.00,,23
cute-cow-sing-and-dancing-toy,Cute Cow Sing and Dancing Toy,Default Title,TGS-CUTE-COW-SINGING,,2000.00,,1
cute-duck-slide-electric-track-toy,Cute Duck Slide Electric Track Toy,Default Title,TGS-CUTE-DUCK-SLIDE,,1950.00,,7
cute-intelligent-robot-remote-control,Cute Intelligent Robot Toy with Remote Control and Follow Mode,Default Title,TGS-CUTE-INTELLIGE-ROBOT,,6800.00,,2
dancing-cactus-toy-with-hat-and-scarf,"Dancing Cactus Toy with Hat, Glasses and Scarf",Default Title,TGS-DANCING-CACTUS,,1550.00,,8
deadpool-action-figure,Deadpool Action Figure with Swords,Default Title,TGS-DEADPOOL-FIGURE,,10800.00,,1
deluxe-hair-styling-set,Deluxe Hair Styling Set for Girls,Default Title,TGS-DELUXE-HAIR-STYLING,,3160.00,,1
desert-eagle-model-gun,J-Shot Desert Eagle Gel Blaster,Default Title,TGS-DESERT-EAGLE-GUN,,4800.00,,2
digital-mini-train-wooden-number-train,Digital Mini Train – Wooden Number Train 0 to 9,Default Title,TGS-MINI-NUMBER-TRAIN,,2150.00,,5
dino-running-dinosaur-world-electric-series,Dino Running Dinosaur World Electric Series Toy,Default Title,TGS-DINO-RUNNING-DINO,,2750.00,,1
dinosaur-busy-board,Dinosaur Busy Board with 20+ Activities for Toddlers,Default Title,TGS-DINO-BUSY-BOARD,,4550.00,,1
disney-winnie-the-pooh-pop-up-tent,Disney Winnie the Pooh Pop-Up Play Tent,Default Title,TGS-POOH-POPUP-TENT,,7650.00,,1
diy-beading-heart-kit,DIY Beading Kit – Heart Case with Letter Beads,Default Title,TGS-DIY-BEADING-HEART,,1250.00,,1
diy-beading-princess-carriage-kit,DIY Beading Kit – Princess Carriage Bead Case,Default Title,TGS-DIY-BEADING-PRINCESS,,1950.00,,3
diy-magnetic-levitation-train-track,DIY Magnetic Levitation Train Track with 55 Pieces for Ages 3+,Default Title,TGS-DIY-MAG-LEVITATIO,,4850.00,,1
diy-railcar-magnetic-force,"DIY Railcar Magnetic Force Track Set, 55 Pieces",Default Title,TGS-DIY-RAILCAR-FORCE,,8300.00,,3
doctor-play-set-family-doctor,Family Doctor Play Set with Carry Case,Pink,TGS-DOCTOR-PLAY-SET-PNK,,1950.00,,1
doctor-play-set-family-doctor,Family Doctor Play Set with Carry Case,Blue,TGS-DOCTOR-PLAY-SET-BLU,,1950.00,,1
domino-colored-toppling-set,Colored Domino Toppling Block Set,Default Title,TGS-DOMINO-COLORED,,850.00,,9
double-six-color-dot-dominoes,"Double Six Color Dot Dominoes, 28 Tiles",Default Title,TGS-DOMINOES-COLOR-DOT,,2150.00,,1
dragon-ball-z-super-saiyan-figure-window-box,"Dragon Ball Z Super Saiyan Figure – Red Outfit, Window Box",Default Title,TGS-DBZ-SAIYAN-WINDOW-BOX,,5500.00,,3
dragon-ball-z-super-saiyan-goku-figure,"Dragon Ball Z Super Saiyan Goku Figure – Orange Outfit, Display Box",Default Title,TGS-DBZ-GOKU-FIGURE,,5850.00,,1
drawing-robot-jqr-02,Drawing Robot JQR-02 for Children's Painting Enlightenment Teaching,Default Title,TGS-DRAWING-ROBOT-JQR,,15600.00,,1
duck-water-fountain,Duck Water Fountain – Mini Water Dispenser Toy,Default Title,TGS-DUCK-WATER-FOUNTAIN,,1650.00,,11
e99-pro-max-remote-control-drone,E99 Pro Max Remote Control Drone with Controller,Default Title,TGS-E99-PRO-MAX,,8500.00,,1
early-education-kids-drawing-tablet,Card Early Education Device with Rechargeable Battery and Puzzle Cards,Default Title,TGS-TABLET-DRAWING,,1650.00,,1
educational-keyboard-tablet,Educational Keyboard Toy with LED Screen and Alphabet Keys,Default Title,TGS-EDU-KEYS,,3250.00,,2
electric-cartoon-dinosaur-toy,Electric Cartoon Dinosaur Toy with Sound and Movement,Default Title,TGS-ELEC-CARTOON-DINO,,2400.00,,1
electric-ceramic-machine,Electric Ceramic Machine – Kids' Pottery Wheel,Default Title,TGS-ELECTRIC-CERAMIC-MACHINE,,3450.00,,1
electric-drill-tool-set,Electric Drill Toy with Accessories in Carry Case,Default Title,TGS-ELECTRIC-DRILL-SET,,3650.00,,2
energizer-alkaline-battery,Energizer Alkaline Power Battery – AA or AAA (Single),AA,TGS-ENERGIZER-BATTERY-AA,,150.00,,7
energizer-alkaline-battery,Energizer Alkaline Power Battery – AA or AAA (Single),AAA,TGS-ENERGIZER-BATTERY-AAA,,150.00,,7
engineering-truck-adventure-track,Engineering Truck Adventure – 7 Checkpoint Track Set,Default Title,TGS-TRUCK-ADVENTURE,,3650.00,,7
eveready-heavy-duty-battery-4-pack,"Eveready Heavy Duty Batteries – Pack of 4, AA or AAA",AA,TGS-EVEREADY-4PACK-AA,,220.00,,23
eveready-heavy-duty-battery-4-pack,"Eveready Heavy Duty Batteries – Pack of 4, AA or AAA",AAA,TGS-EVEREADY-4PACK-AAA,,220.00,,23
fashion-studio-hair-styling-set,Fashion Studio Deluxe Hair Styling Set with Hair Dryer,Default Title,TGS-FASHION-STUDIO,,3500.00,,1
fashionable-nails-dryer-set,Fashionable Nails Set with Nail Dryer,Default Title,TGS-FASHIONABLE-NAILS,,3250.00,,1
fighter-plane-rc-quadcopter,Fighter Plane RC Quadcopter – Black Battle Jet,Default Title,TGS-FIGHTER-PLANE-RC,,4200.00,,1
follow-me-gesture-car,"Magic Induction Follow Me Gesture Car – Pink, Green & Yellow",Pink,TGS-FOLLOW-ME-CAR-PNK,,5850.00,,1
follow-me-gesture-car,"Magic Induction Follow Me Gesture Car – Pink, Green & Yellow",Green,TGS-FOLLOW-ME-CAR-GRN,,5850.00,,1
follow-me-gesture-car,"Magic Induction Follow Me Gesture Car – Pink, Green & Yellow",Yellow,TGS-FOLLOW-ME-CAR-YLW,,5850.00,,1
four-in-one-insect-catching-game,Four in One Insect Catching Game – Magnetic Wooden Board,Default Title,TGS-FOUR-INSECT-CATCHING,,2150.00,,4
frenzy-racing-rc-car,Frenzy Racing 1:20 Scale Remote Control Car with 27MHz Transmitter,Default Title,TGS-FRENZY-RACING-CAR,,1750.00,,7
frozen-beautiful-girls-makeup-set,Frozen Beautiful Girl's Series Make-Up Set,Default Title,TGS-FROZEN-MAKEUP,,850.00,,4
frozen-ii-beauty-makeup-set,Frozen II My Beauty World Make-Up Set,Default Title,TGS-FROZEN-II-MAKEUP,,750.00,,4
fun-colour-loom-bands-kit,Fun Colour Loom Bands Kit – 18 Colours with Loom Board,Default Title,TGS-FUN-COLOUR-LOOM-BANDS,,3450.00,,3
gear-dinosaur-toy,Gear Dinosaur Toy with Musical and Light Effects,Default Title,TGS-GEAR-DINO,,2000.00,,1
givelong-cute-fan-visor-hat,Givelong Cute Fan Visor Hat with Lion Design,Default Title,TGS-FAN-VISOR-HAT,,2550.00,,5
glitter-squishy-dumpling,Glitter Squishy Dumpling in a Steamer Case,Default Title,TGS-SQUISHY-BUN-STEAMER,,1350.00,,23
grass-frog-light-sound-toy,Grass Frog Light/Sound Toy with Mechanical Drive,Default Title,TGS-GRASS-FROG,,1750.00,,1
green-truck-remote-control-toy,Green Truck Toy with Remote Control and Sound,Default Title,TGS-GREEN-TRUCK,,5100.00,,1
headband-making-kit,DIY Head Band Making Kit – Makes 4 Headbands,Default Title,TGS-HEADBAND-MAKING-KIT,,2450.00,,3
heart-bead-box-jewellery-kit,Heart Bead Box – Jewellery Making Kit,Default Title,TGS-HEART-BEAD-BOX,,1050.00,,7
hedgehog-piano-baby-toy,Hedgehog Piano Baby Toy with Keys and Buttons,Default Title,TGS-PIANO-HEDGEHOG,,1850.00,,1
household-set-mini-appliance-toy,Household Set Mini Appliance Toy,Vacuum Cleaner,TGS-HOUSEHOLD-SET-MINI-VACUUM-CLEANER,,1450.00,,3
household-set-mini-appliance-toy,Household Set Mini Appliance Toy,Washing Machine,TGS-HOUSEHOLD-SET-MINI-WASHING-MACHINE,,1450.00,,3
huanger-folding-bucket-bath-toys,HUANGER Folding Bucket Bath Toy Set with Accessories,Default Title,TGS-FOLD-BUCKET-BATH,,1650.00,,5
huanger-puzzle-phone-dinosaur,Huanger Puzzle Phone – Dinosaur Baby Phone,Default Title,TGS-HUANGER-PUZZLE-PHONE,,1250.00,,6
hug-happy-touch-and-teach-words-book,Hug Happy Touch and Teach Words Book Early Education Baby Toy,Default Title,TGS-TOUCH-TEACH-WORDS,,5850.00,,1
imama-baby-carrier,imama Baby Carrier with Padded Seat – Peach,Default Title,TGS-BABY-CARRIER,,4200.00,,3
inflatable-lounger-sofa-single-size,Inflatable Lounger Sofa - Single Size,Default Title,TGS-INFLATABL-SOFA-LOUNGER,,7650.00,,1
inflatable-round-sofa-chair-single-size,Inflatable Round Sofa Chair - Single Size,Default Title,TGS-INFLATABL-SOFA-ROUND,,5500.00,,1
intelligence-learning-game-educational-toy,"Intelligence Learning Game – Letters, Words, Numbers and Sounds",Default Title,TGS-INTELLIGE-LEARNING,,4150.00,,2
intex-aquaflow-swim-cap,Intex AquaFlow Swim Cap for Ages 8+,Default Title,TGS-AQUAFLOW-SWIM-CAP,,1340.00,,5
intex-aquaflow-youth-swim-cap,"Intex AquaFlow Youth Swim Cap – White, Blue or Black",White,TGS-INTEX-SWIM-CAP-WHT,,1300.00,,1
intex-aquaflow-youth-swim-cap,"Intex AquaFlow Youth Swim Cap – White, Blue or Black",Blue,TGS-INTEX-SWIM-CAP-BLU,,1300.00,,1
intex-aquaflow-youth-swim-cap,"Intex AquaFlow Youth Swim Cap – White, Blue or Black",Black,TGS-INTEX-SWIM-CAP-BLK,,1300.00,,1
intex-ear-nose-swimming-plug,Intex AquaFlow Youth Ear and Nose Swimming Plug Set,Default Title,TGS-INTEX-EAR-NOSE-PLUG,,1300.00,,5
jellyfish-bump-and-go-dancing-toy,Jellyfish Bump and Go Dancing Toy,Default Title,TGS-JELLYFISH-BUMP-GO,,1850.00,,1
jenga-classic-game,Jenga Classic Wooden Block Stacking Game,Default Title,TGS-JENGA,,2900.00,,2
jewellery-craft-loom-bands,Jewellery Craft Loom Bands Kit with Loom Board,Default Title,TGS-JEWELLERY-CRAFT-LOOM-BANDS,,1600.00,,3
jumbo-sequence-game,Jumbo Sequence Game with Jumbo Size Playing Mat,Default Title,TGS-JUMBO-SEQUENCE,,2850.00,,3
junior-pictionary-game,Junior Pictionary - The Game of Quick Draw for Kids,Default Title,TGS-JR-PICTIONARY,,2850.00,,1
justice-league-figure-set,Justice League Chibi Figure Set of 4,Default Title,TGS-JUSTICE-LEAGUE-FIGS,,2800.00,,3
kids-kitchen-toy-dishwasher,Kids Kitchen Toy Dishwasher with Sound and Lights,Default Title,TGS-DISHWASHE,,5500.00,,1
kids-tent-my-castle,"Kid's Tent My Castle – Blue, 105 x 105 x 135 cm",Default Title,TGS-KIDS-TENT-MY-CASTLE,,4500.00,,1
kids-tool-drill-set,Kids Tool Drill Set with Accessories,Default Title,TGS-TOOL-DRILL,,3850.00,,1
king-of-fighters-kyo-kusanagi-figure,The King of Fighters Kyo Kusanagi Action Figure,Default Title,TGS-FIGHTERS-FIGURE,,1990.00,,3
kpop-demon-hunters-beauty-girl-makeup-case,KPop Demon Hunters Beauty Girl Makeup Case,Default Title,TGS-BEAUTY-GIRL-MAKEUP,,2850.00,,6
kuromi-15th-anniversary-art-painting-set,Kuromi 15th Anniversary Art Case – Cheeky but Charming,Default Title,TGS-DELUXE-ART-PAINT,,5800.00,,2
kuromi-character-night-light,Kuromi Character Night Light with USB Cable,Default Title,TGS-KUROMI-NIGHT-LIGHT,,2850.00,,5
kuromi-makeup-case,Kuromi Makeup Case with 30+ Accessories,Default Title,TGS-MAKEUP-CASE,,5850.00,,2
kuromi-moon-light-lamp,Kuromi Moon Light Lamp,Default Title,TGS-KUROMI-MOON-LAMP,,2600.00,,3
kuromi-pop-figures-set-of-4,Kuromi Pop! Figures - Set of 4 Collectible Vinyl Figures,Default Title,TGS-POP-FIGURES,,3860.00,,1
labubu-bubble-gun,Labubu Electric Bubble Gun with Lights,Default Title,TGS-BUBBLE-GUN,,1450.00,,2
lasika-w-f181-digital-watch,Lasika W-F181 Digital Watch,Default Title,TGS-LASIKA-DIGITAL-WATCH,,1550.00,,5
leding-the-life-diy-acrylic-message-lamp,DIY Acrylic Message Lamp with Colour Markers,Default Title,TGS-ACRYLIC-LED-LAMP,,1250.00,,3
lightsaber-toy,Lightsaber Toy Sword with Sheath,Default Title,TGS-LIGHTSABE,,4900.00,,3
little-helper-simulated-cleaning-kit,Little Helper Simulated Cleaning Kit,Default Title,TGS-LITTLE-HELPER-CLEANING,,4250.00,,1
ludo-game-magnetic-board,Ludo Game Magnetic Board,Default Title,TGS-LUDO-MAGNETIC-BOARD,,1450.00,,1
ludo-magnetic-game-compact,"Ludo Magnetic Game, Compact Folding Board",Default Title,TGS-LUDO-COMPACT,,1750.00,,2
m-206-electric-gel-blaster,M-206 Electric Gel Bead Blaster with Soak Kit,Default Title,TGS-M206-GEL-BLASTER,,5300.00,,3
magic-puffy-3d-art-painting-kit,Magic Puffy 3D Art Painting Kit with Keychains,Default Title,TGS-MAGIC-PUFFY-3D-ART,,2650.00,,3
magic-unicorn-beads-jewellery-box,Magic Unicorn Beads DIY Jewellery Gift Box,Default Title,TGS-MAGIC-UNICORN-BEADS,,5600.00,,1
magic-wand-crown-tiara,Magic Wand Crown Tiara with Light and Sound,Default Title,TGS-MAGIC-WAND-CROWN,,2500.00,,2
magical-pony-figure-blue,"Magical Pony Figure with Brushable Hair, Blue",Default Title,TGS-PONY-FIGURE-BLUE,,750.00,,2
magnetic-building-blocks-minecraft-theme-set,Magnetic Building Blocks Minecraft Theme Set,Default Title,TGS-MAG-BUILDING-BLOCKS,,2350.00,,5
magnetic-digital-car-train-set,Magnetic Digital Train Set with Numbered Cars,Default Title,TGS-MAG-DIGITAL-TRAIN,,2600.00,,2
magnetic-world-cute-pet-building-set,Magnetic World Scene Series X Captive Cute Pet Building Set,Default Title,TGS-MAG-WORLD,,2450.00,,2
maisto-ducati-streetfighter-s-1-12-scale,Maisto Ducati Streetfighter S 1/12 Scale Diecast Motorcycle,Default Title,TGS-MOTO-DIECAST,,2750.00,,1
makeup-set-case-princess-bag-and-chest,Makeup Set Case for Kids - Colorful Princess Bag,Default Title,TGS-MAKEUP-SET-CASE,,3450.00,,1
mermaid-makeup-case-2in1,Mermaid 2-in-1 Beauty Make Up Case with Jewellery,Default Title,TGS-MERMAID-MAKEUP,,3250.00,,11
minecraft-diamond-sword-light,Minecraft Diamond Sword Light with Stand,Default Title,TGS-MC-SWORD-LIGHT,,3250.00,,3
minecraft-village-pillage-figure-set,Minecraft Village & Pillage Figure Set with Blocks,Default Title,TGS-MC-VILLAGE-FIGURES,,3350.00,,5
minecraft-village-pillage-weapon-figure-set,Minecraft Village & Pillage Weapon & Figure Set – Design Varies,Default Title,TGS-MC-WEAPON-SET,,4650.00,,3
mini-appliances-toy-refrigerator,Mini Appliances Toy Refrigerator with Play & Learn Simulation,Default Title,TGS-APPLIANCE-FRIDGE,,2850.00,,1
mini-kitchen-fridge-set,Mini Kitchen Set – Mini Fridge with Ice Creams,Default Title,TGS-MINI-KITCHEN-SET,,1850.00,,1
mini-pottery-studio-machine,Mini Pottery Studio – USB Pottery Wheel Kit,Default Title,TGS-MINI-POTTERY-STUDIO,,10800.00,,1
mini-rc-forklift-1-64-scale,Mini Rc Forklift 1:64 Scale Remote Control Toy with Phone App Control,Default Title,TGS-RC-FORKLIFT,,4250.00,,1
miniature-truck-collection,"Miniature Transport Truck in a Display Case – Blue, Black/Grey or Red",Blue,TGS-TRUCKS-BLU,,1150.00,,2
miniature-truck-collection,"Miniature Transport Truck in a Display Case – Blue, Black/Grey or Red",Black/Grey,TGS-TRUCKS-BLK,,1150.00,,2
miniature-truck-collection,"Miniature Transport Truck in a Display Case – Blue, Black/Grey or Red",Red,TGS-TRUCKS-RED,,1150.00,,1
mochi-squishy,Mochi Squishy in Clear Case,Default Title,TGS-SQUISHY-MOCHI,,1850.00,,3
monopoly-classic-board-game,Monopoly Classic Property Trading Board Game,Default Title,TGS-MONOPOLY-CLASSIC,,1850.00,,3
monopoly-deal-card-game,Monopoly Deal Card Game,Default Title,TGS-MONOPOLY-DEAL,,480.00,,5
montessori-handle-light-game,Montessori Handle Light Game,Default Title,TGS-MONTSSRI-HANDLE-LIGHT,,2450.00,,3
multifunction-learn-shelf,Multifunction Learn Shelf with Abacus and Activity Panels,Default Title,TGS-MULTI-LEARN-SHELF,,4500.00,,1
my-world-hz1005-minifigure-set,My World Minifigure Set – 24 Blocky Figures,Default Title,TGS-MY-WORLD-MINIFIGS,,3650.00,,3
naruto-shippuden-naruto-uzumaki-action-figure,Naruto Shippuden Naruto Uzumaki Action Figure,Default Title,TGS-FIG-NARUTO,,1650.00,,1
needoh-oreo-squishy,Schylling NeeDoh Oreo Squishy – Switch & Swap Frosting,Default Title,TGS-SQUISHY-OREO,,1550.00,,23
nmk-poptent-kids-tent-with-50-balls,PopTent Kids Play Tent with 50 Balls – Character Design Varies,Default Title,TGS-POPTENT-50-BALLS,,3250.00,,5
notebook-and-pen-gift-set,Notebook and Pen Gift Set in a Navy Box,Default Title,TGS-NOTEBOOK-PEN-SET,,1350.00,,3
ocean-liner-water-gun-toy,Ocean Liner Water Gun Toy with Sound and Lighting,Default Title,TGS-OCEAN-LINER-WATER,,2450.00,,1
orange-die-cast-metal-off-road-monster-truck,Orange Die-Cast Metal Off-Road Monster Truck Toy,Default Title,TGS-ORANGE-MONSTER-TRUCK,,2850.00,,5
oubiao-10x38-toy-binoculars-with-case,Oubiao 10x38 Binoculars for Children – Pink,Default Title,TGS-BINOCULAR,,1250.00,,5
ozen-star-arabic-sound-learning-book,Ozen Star Arabic Sound Learning Book for Children,Default Title,TGS-ARABIC-SOUND-LEARNING,,2500.00,,1
ozen-star-islamic-learning-tablet,Ozen Star Islamic Learning Tablet for Children,Default Title,TGS-AL-QURAN-LEARNING,,2500.00,,2
paw-patrol-go-fishing-game,Paw Patrol Go Fishing Game,Default Title,TGS-PAW-PATROL-GO,,1250.00,,15
pendulum-painting-art-kit,Pendulum Painting Art Kit,Default Title,TGS-PENDULUM-PAINTING,,2400.00,,1
peng-jia-multicoloured-flash-drum,Peng Jia Multicoloured Flash Drum with Sticks,Default Title,TGS-FLASH-DRUM,,2150.00,,9
pinball-game-machine,Pinball Game Machine with Marbles and Digital Score Display,Default Title,TGS-PINBALL,,6900.00,,1
pink-cash-register,Pink Cash Register with Real Calculator and Scanner,Default Title,TGS-CASH-REGISTER,,5050.00,,1
pixel-led-sword-light-up,"Pixel LED Light-Up Sword, Minecraft-Style",Blue/Black,TGS-PIXEL-LED-SWORD-BLU,,2450.00,,2
pixel-led-sword-light-up,"Pixel LED Light-Up Sword, Minecraft-Style",Purple/Green,TGS-PIXEL-LED-SWORD-PUR,,2450.00,,2
play-balls-net-bag,Colourful Play Balls in a Net Bag,Default Title,TGS-PLAY-BALLS-NET,,850.00,,5
play-house-coffee-time-machine,Play House Coffee Time Machine Set – 52 Pieces,Default Title,TGS-PLAY-HOUSE-COFFEE-TIME,,5800.00,,1
playroom-toy-iron-appliance,Playroom Toy Iron Appliance for Pretend Play,Default Title,TGS-IRON-APPLIANCE,,1250.00,,3
pom-pom-scarf-knitting-loom-kit,Pom-Pom Scarf Knitting Loom Kit,Default Title,TGS-POM-POM-SCARF,,3450.00,,2
power-punch-arcade-game,Power Punch Arcade Game with Punch Meter and Digital Display,Default Title,TGS-POWER-PUNCH-ARCADE,,7600.00,,1
prince-princess-castle-tent,"Prince Princess Castle Play Tent – Hexagon, Indoor & Outdoor",Blue,TGS-CASTLE-TENT-HEXAGON-BLUE,,6250.00,,2
prince-princess-castle-tent,"Prince Princess Castle Play Tent – Hexagon, Indoor & Outdoor",Pink,TGS-CASTLE-TENT-HEXAGON-PINK,,6250.00,,2
projection-flashlight,Projection Flashlight – 2-in-1 Torch and Picture Projector,Default Title,TGS-PROJECTION-FLASHLIGHT,,350.00,,11
puzzle-busy-board-house-educational-toy,Puzzle Busy Board House Educational Toy for Toddlers,Default Title,TGS-PUZZLE-BUSY-BOARD,,4850.00,,1
rainbow-tower-unicorn-stacker-toy,Rainbow Tower Unicorn Stacker Toy,Default Title,TGS-RAINBOW-TOWER-UNICORN,,2350.00,,1
ram-animal-figure,Ram Figure with Curled Horns,Default Title,TGS-RAM-FIGURE,,2850.00,,3
ranlok-remote-control-gear-car,Remote Control Car with Transmitter and Packaging,Default Title,TGS-GEAR-RC-CAR,,2250.00,,4
rc-drift-racing-car,RC Drift Racing Car with 4WD and Neon LED Lights,Default Title,TGS-RC-DRIFT-RACING,,12600.00,,5
red-race-car-toy-no-95,"Red Race Car Toy with Cartoon Face, No. 95",Default Title,TGS-RED-RACE-CAR,,1250.00,,9
remote-control-swim-crocodile-toy,Remote Control Swim Crocodile Toy with Controller,Default Title,TGS-SWIM-CROCODILE,,7000.00,,1
rhinoceros-baby-unicorn-toy,Rhinoceros Baby Unicorn Toy with Light,Default Title,TGS-RHINOCERO-BABY,,2650.00,,5
roblox-figure-set,Roblox Figure Set with Accessories,Default Title,TGS-ROBLOX-FIGURE-SET,,4950.00,,23
roll-paper-beads-maker,Electric Roll Paper Beads Maker – Make Your Own Beads,Default Title,TGS-ROLL-PAPER-BEADS,,3200.00,,7
sand-art-fairytale-kit,"Glitter & Glow Sand Art Kit – Fairytale Style, 6 Designs",Default Title,TGS-SAND-ART-FAIRYTALE,,1750.00,,2
sequence-strategy-board-game,Sequence - An Exciting Game of Strategy,Default Title,TGS-SEQUENCE,,2250.00,,3
sheep-animal-figure,Sheep Figure with Moulded Fleece,Default Title,TGS-SHEEP-FIGURE,,2850.00,,3
shining-unicorn-makeup-case,Shining Unicorn Makeup Case with 46 Kinds of Toys,Default Title,TGS-SHINING-UNICORN-MAKEUP,,5250.00,,1
shooting-elite-graffiti-gel-blaster,Shooting Elite Water Gun with Accessories,Default Title,TGS-SHOOT-ELITE-GRAFFITI,,5400.00,,1
shooting-elite-mp7,Shooting Elite 2-in-1 Water & Soft Bullet Toy Gun,Default Title,TGS-SHOOT-ELITE-MP7,,5100.00,,5
shown-beauty-salon-hair-kit,Shown Beauty Salon Hair Styling Kit with Mirror,Default Title,TGS-SHOWN-BEAUTY-SALON,,4000.00,,1
smart-remote-baby-key-fob-toy,Smart Remote Baby Key Fob with Sensory Keys,Default Title,TGS-SMART-REMOTE-KEYS,,1850.00,,8
sonic-4-figure-set-of-6,Sonic Figure Set of 6,Default Title,TGS-SONIC-FIGURES-6,,2800.00,,3
space-journey-bubble-machine,Space Journey Bubble Machine with Adjustable Speed,Default Title,TGS-SPACE-JOURNEY-BUBBLE,,2850.00,,1
sparkling-glitter-tattoo-makeup-set,Sparkling Glitter Tattoo Makeup Set with Bag,Default Title,TGS-SPARKLING-MAKEUP-SET,,2550.00,,1
sparkling-nail-polish-kit,Sparkling Nail Polish Kit – Make Your Own Nail Polish,Default Title,TGS-SPARKLING-NAIL-POLISH,,1850.00,,1
spider-launcher-toy,Spider Launcher Wrist Toy with Glove,Default Title,TGS-SPIDER-LAUNCHER,,2900.00,,5
stacked-circle-ring-stacker-toy,Stacked Circle Ring Stacker with Dinosaur Topper,Default Title,TGS-STACKED-CIRCLE-RING,,1550.00,,2
stacked-cup-battle-game,"Prism Stacked Cup Battle Game – 12 Cups, Bell and Pattern Cards",Default Title,TGS-STACKED-CUP-BATTLE,,2800.00,,2
stars-football-figure-ronaldo-and-mbappe,STARS Football Figure with Trophy and Ball – Ronaldo or Mbappé,Ronaldo – Al-Nassr,TGS-FIG-FOOTBALL-STAR-07NAS,,1250.00,,2
stars-football-figure-ronaldo-and-mbappe,STARS Football Figure with Trophy and Ball – Ronaldo or Mbappé,Ronaldo – Man United,TGS-FIG-FOOTBALL-STAR-07MUN,,1250.00,,2
stars-football-figure-ronaldo-and-mbappe,STARS Football Figure with Trophy and Ball – Ronaldo or Mbappé,Mbappé – Real Madrid,TGS-FIG-FOOTBALL-STAR-10RMA,,1250.00,,2
steering-wheel-simulated-driving-toy,Steering Wheel Simulated Driving Toy with Car Sounds,Default Title,TGS-STEERING-WHEEL-SIM,,1850.00,,7
stem-chemistry-experiment-set,STEM Chemistry Experiment Set with 14 Experiments,Default Title,TGS-STEM-CHEM-EXPERMNT,,3250.00,,1
sticky-ball-dart-board-72cm,Sticky Ball Dart Board – 72cm Fabric Target with Sticky Balls,Default Title,TGS-STICKY-DART-BOARD,,2150.00,,4
stitch-rc-bumper-car,"Stitch RC Bumper Car with Collision Ejection, 2.4GHz",Default Title,TGS-STITCH-BUMPER-CAR,,9850.00,,3
study-book-intellectual-learning-toy,Study Book Intellectual Learning Toy for Ages 3+,Default Title,TGS-STUDY-BOOK,,2450.00,,7
sup-game-box-400-in-1-plus,SUP Game Box 400 in 1 Plus Handheld Console – White,Default Title,TGS-SUP-GAME-BOX-400,,2350.00,,5
sup-handheld-game-console,SUP Game Box Power M3 Handheld Game Console,Default Title,TGS-HAND-CONSOLE,,7850.00,,3
superhero-wrist-transmitter,Super Hero Wrist Transmitter Toy,Default Title,TGS-SUPERHERO-WRIST,,1150.00,,3
taboo-card-game-french,Taboo Card Game (French Edition),Default Title,TGS-TABOO,,3000.00,,3
tambola-housie-deluxe,"Tambola Housie Deluxe Edition, 300 Tickets",Default Title,TGS-TAMBOLA-HOUSIE,,2850.00,,3
teacher-laptop-educational-toy,Teacher Laptop – Quran Learning Toy Laptop,Default Title,TGS-TEACHER-LAPTOP,,3250.00,,3
thomas-and-friends-building-blocks-toy-set,Thomas & Friends Orbit Building Blocks – 43 Pieces in a Backpack,Default Title,TGS-THOMAS-FRIENDS-BUILDING,,4250.00,,2
tie-dye-slime-machine,Tie-Dye Slime Machine – Make Your Own Tie-Dye Slime,Default Title,TGS-TIE-DYE-SLIME-MACHINE,,5500.00,,3
tiger-bubble-machine,Tiger Bubble Machine with 10-Hole Bubble Blower,Default Title,TGS-TIGER-BUBBLE,,1950.00,,1
toy-electric-kettle,Toy Electric Kettle with Lights and Sounds,Default Title,TGS-ELEC-KETTLE,,2200.00,,1
toy-story-4-buzz-lightyear-and-forky,Toy Story 4 Buzz Lightyear & Forky Figures,Default Title,TGS-BUZZ-FORKY,,5500.00,,1
toy-story-friction-car-woody,Disney Pixar Toy Story Friction Car – Woody's Truck,Default Title,TGS-TOY-STORY-FRICTION,,1850.00,,3
train-stacking-domino-toy,Train Stacking Domino Toy with 60 Pieces,Default Title,TGS-TRAIN-STACKING,,2850.00,,3
transparent-gear-vehicle-excavator-set,Transparent Gear Vehicle Excavator & Bulldozer Set,Default Title,TGS-GEAR-VEHICLE-CLEAR,,2500.00,,1
unicorn-makeup-case,Unicorn Makeup Case with 16-Piece Toy Makeup Set,Default Title,TGS-UNICORN-MAKEUP-CASE,,3250.00,,2
unicorn-night-light,Unicorn Night Light with Charging Cable,Default Title,TGS-UNICORN-NIGHTLIGHT,,2650.00,,5
unicorn-princess-makeup-case-2in1,Unicorn Princess 2-in-1 Beauty Make Up Case,Default Title,TGS-UNICORN-PRINCESS-MAKEUP,,3250.00,,3
uno-attack-card-shooter-game,UNO Attack! Electronic Card Shooter Game,Default Title,TGS-UNO-ATTACK,,5550.00,,3
uno-classic-card-game,UNO Classic Card Game,Default Title,TGS-UNO-CLASSIC,,1100.00,,1
uno-show-em-no-mercy,UNO Show 'Em No Mercy Card Game,Default Title,TGS-UNO-NO-MERCY,,890.00,,1
uno-travel-case-2-deck,UNO 2-Deck Travel Case Card Game,Default Title,TGS-UNO-TRAVEL-CASE,,1500.00,,2
vending-machine-toy,Vending Machine Toy with Sound Effects and Drink Dispenser,Default Title,TGS-VENDING,,5800.00,,2
venom-action-figure,Venom Action Figure – Multi-Joint,Default Title,TGS-VENOM-FIGURE,,5250.00,,1
water-canvas-magic-drawing-mat,Magical Water Canvas Reusable Doodle Mat with Pen,Default Title,TGS-WATER-CANVAS,,2750.00,,1
whoosh-classic-legends-drift-car,1:43 Scale Classic Legends RC Drift Car with Remote Control,Default Title,TGS-DRIFT-LEGENDS-RC,,11400.00,,2
wooden-busy-board,Wooden Busy Board with Blue Strap for Babies 36m+,Default Title,TGS-WD-BUSY-BOARD,,2250.00,,1
wooden-clock-learning-toy,Wooden Clock Learning Toy with Removable Hands and Number Discs,Default Title,TGS-WD-CLOCK-LEARNING,,1850.00,,1
wooden-marble-balance-tower-game,Game of Marbles – Wooden Balance Tower,Default Title,TGS-WD-MARBLE-BALANCE,,1450.00,,2
wooden-shape-sorter-house,ViVi Wood Toy Digital Shape Smart House – Wooden Shape and Number Sorter,Default Title,TGS-WD-SHAPE-SORTER,,2250.00,,2
x29-rc-fighter-plane,X29 RC Fighter Plane Quadcopter – Graffiti Design,Default Title,TGS-X29-RC-FIGHTER-PLANE,,4950.00,,1
xinlejia-fishing-game,Electric Fishing Game with 30+ Fish Figures and Fishing Rod,Default Title,TGS-XINLEJIA-FISHING-GAME,,4950.00,,1
xwarrior-hero-elite-flame,X Warrior Hero Toy Blaster with 6 Dart Bullets,Default Title,TGS-XWARRIOR-ELITE-FLAME,,1450.00,,2
zootopia-judy-hopps-talking-toy,Zootopia Judy Hopps Talking Toy,Default Title,TGS-JUDY-HOPPS,,3150.00,,1
zoto-brand-swimming-goggles-in-clear-case,ZOTO Brand Swimming Goggles in Clear Case,Default Title,TGS-SWIMMING-GOGGLES,,1450.00,,3
