handle,change,note
frontpage,unchanged,
action-figures-characters,updated,product_count 0 -> 18; description filled; seo_description filled; seo_title filled
age-0-1,updated,product_count 1 -> 3; description filled; seo_description filled; seo_title filled
age-1-3,updated,product_count 2 -> 16; description filled; seo_description filled; seo_title filled
age-3-5,updated,product_count 11 -> 162; description filled; seo_description filled; seo_title filled
age-5-8,updated,product_count 6 -> 56; description filled; seo_description filled; seo_title filled
age-8-plus,updated,product_count 4 -> 19; description filled; seo_description filled; seo_title filled
all,updated,product_count 24 -> 256; seo_title filled
animal-dinosaur-toys,updated,product_count 0 -> 9; description filled; seo_description filled; seo_title filled
arts-crafts-creative-toys,updated,product_count 0 -> 26; description filled; seo_description filled; seo_title filled
baby-care-pretend-accessories,updated,product_count 0 -> 1; description filled; seo_description filled; seo_title filled
baby-toddler-toys,updated,product_count 0 -> 15; description filled; seo_description filled; seo_title filled
battle-action-play,updated,product_count 0 -> 7; description filled; seo_description filled; seo_title filled
best-sellers,updated,product_count 24 -> 256; description filled; seo_description filled; seo_title filled
bestway,removed,sample brand collection -- none of our products has this vendor
big-gifts,updated,product_count 10 -> 50; description filled; seo_description filled; seo_title filled
board-games,updated,product_count 4 -> 26; description filled; seo_description filled; seo_title filled
building-construction-toys,updated,description filled; seo_description filled; seo_title filled
card-tabletop-games,updated,description filled; seo_description filled; seo_title filled; EMPTY -- no product matches its rule yet
cars-vehicles,updated,product_count 4 -> 13; description filled; seo_description filled; seo_title filled
collectibles-miniatures,updated,description filled; seo_description filled; seo_title filled; EMPTY -- no product matches its rule yet
doll-houses-pretend-homes,updated,description filled; seo_description filled; seo_title filled; EMPTY -- no product matches its rule yet
dolls-doll-play,updated,product_count 4 -> 0; description filled; seo_description filled; seo_title filled; EMPTY -- no product matches its rule yet
dress-up-costumes,updated,product_count 0 -> 1; description filled; seo_description filled; seo_title filled
educational-toys,updated,product_count 0 -> 14; description filled; seo_description filled; seo_title filled
fantasy-magic-toys,updated,product_count 0 -> 2; description filled; seo_description filled; seo_title filled
gift-ready-under-1000,updated,product_count 5 -> 0; description filled; seo_description filled; seo_title filled; EMPTY -- no product matches its rule yet
gifts-under-1000,updated,product_count 5 -> 12; description filled; seo_description filled; seo_title filled
gifts-under-2500,updated,product_count 11 -> 116; description filled; seo_description filled; seo_title filled
gifts-under-5000,updated,product_count 14 -> 206; description filled; seo_description filled; seo_title filled
hasbro,removed,sample brand collection -- none of our products has this vendor
hot-wheels,updated,"product_count 4 -> 0; kept empty -- brand not stocked yet, on the roadmap per the user (2026-09-25); description filled; seo_description filled; seo_title filled; EMPTY -- no product matches its rule yet"
lego,updated,"product_count 2 -> 0; kept empty -- brand not stocked yet, on the roadmap per the user (2026-09-25); description filled; seo_description filled; seo_title filled; EMPTY -- no product matches its rule yet"
mega-bloks,removed,sample brand collection -- none of our products has this vendor
melissa-doug,removed,sample brand collection -- none of our products has this vendor
musical-toys,updated,product_count 0 -> 6; description filled; seo_description filled; seo_title filled
nerf,removed,sample brand collection -- none of our products has this vendor
new-in,updated,product_count 6 -> 256; description filled; seo_description filled; seo_title filled
novelty-fun-toys,updated,product_count 0 -> 24; description filled; seo_description filled; seo_title filled
occasion-azadi,updated,description filled; seo_description filled; seo_title filled; EMPTY -- no product matches its rule yet
occasion-birthday,updated,product_count 24 -> 256; description filled; seo_description filled; seo_title filled
occasion-eid,updated,product_count 17 -> 255; description filled; seo_description filled; seo_title filled
occasion-new-baby,updated,product_count 3 -> 16; description filled; seo_description filled; seo_title filled
occasion-ramadan,updated,product_count 9 -> 29; description filled; seo_description filled; seo_title filled
occasion-return-gift,updated,product_count 9 -> 13; description filled; seo_description filled; seo_title filled
outdoor-toys,updated,product_count 3 -> 10; description filled; seo_description filled; seo_title filled
party-toys-favors,updated,description filled; seo_description filled; seo_title filled; EMPTY -- no product matches its rule yet
plush-stuffed-toys,updated,description filled; seo_description filled; seo_title filled; EMPTY -- no product matches its rule yet
pretend-play-role-play,updated,product_count 0 -> 32; description filled; seo_description filled; seo_title filled
puzzles,updated,description filled; seo_description filled; seo_title filled; EMPTY -- no product matches its rule yet
rc-remote-control-toys,updated,product_count 0 -> 17; description filled; seo_description filled; seo_title filled
ride-on-toys,updated,description filled; seo_description filled; seo_title filled; EMPTY -- no product matches its rule yet
robots-electronic-toys,updated,product_count 0 -> 12; description filled; seo_description filled; seo_title filled
scooters-bikes-tricycles,updated,description filled; seo_description filled; seo_title filled; EMPTY -- no product matches its rule yet
sensory-fidget-toys,updated,product_count 0 -> 8; description filled; seo_description filled; seo_title filled
sports-toys,updated,product_count 0 -> 1; description filled; seo_description filled; seo_title filled
stem-science-toys,updated,product_count 0 -> 1; description filled; seo_description filled; seo_title filled
the-edit,updated,product_count 6 -> 0; description filled; seo_description filled; seo_title filled; EMPTY -- no product matches its rule yet
tiny-land,removed,sample brand collection -- none of our products has this vendor
toys-for-boys,updated,product_count 8 -> 22; description filled; seo_description filled; seo_title filled
toys-for-girls,updated,product_count 4 -> 18; description filled; seo_description filled; seo_title filled
water-beach-toys,updated,product_count 4 -> 8; description filled; seo_description filled; seo_title filled
learning,added,"""What They Love"" chip ""Learning"" -- point the chip at this collection"
building,added,"""What They Love"" chip ""Building"" -- point the chip at this collection"
pretending,added,"""What They Love"" chip ""Pretending"" -- point the chip at this collection"
cars-racing,added,"""What They Love"" chip ""Cars & racing"" -- point the chip at this collection"
games-arcade,added,"""What They Love"" chip ""Games & arcade"" -- point the chip at this collection"
outdoors-bubbles,added,"""What They Love"" chip ""Outdoors & bubbles"" -- point the chip at this collection"
squishy-fidget,added,"""What They Love"" chip ""Squishy & fidget"" -- point the chip at this collection"
arts-crafts,added,"""What They Love"" chip ""Arts & Crafts"" -- point the chip at this collection"
musical-toys-chip,added,"""What They Love"" chip ""Musical Toys"" -- point the chip at this collection"
makeup-beauty-sets,added,"subcategory collection (optional, for menus)"
kitchen-appliance-play,added,"subcategory collection (optional, for menus)"
arcade-games,added,"subcategory collection (optional, for menus)"
drones,added,"subcategory collection (optional, for menus)"
die-cast-cars,added,"subcategory collection (optional, for menus)"
baby-activity-toys,added,"subcategory collection (optional, for menus)"
bubble-toys,added,"subcategory collection (optional, for menus)"
dinosaur-toys,added,"subcategory collection (optional, for menus)"
night-lights-gadgets,added,"subcategory collection (optional, for menus)"
intex,added,brand collection -- confirmed genuine (2026-09-25)
schylling,added,brand collection -- confirmed genuine (2026-09-25)
maisto,added,brand collection -- confirmed genuine (2026-09-25)
uno,added,brand collection -- confirmed genuine (2026-09-25)
monopoly,added,brand collection -- confirmed genuine (2026-09-25)
jenga,added,brand collection -- confirmed genuine (2026-09-25)
catan,added,brand collection -- confirmed genuine (2026-09-25)
