handle,title,type,rule,product_count,sort,image,url,seo_title,seo_description,description
frontpage,Home page,manual,,1,best_selling,,https://the-toy-gift-shop-cy0w57r4.myshopify.com/collections/frontpage,,,
action-figures-characters,Action Figures & Characters,smart,"type equals ""Action Figures & Characters""",18,best_selling,,https://the-toy-gift-shop-cy0w57r4.myshopify.com/collections/action-figures-characters,Action Figures & Characters in Pakistan | Toy Gift Shop,"Action figures, character figure sets and collectible figures.","Action figures, character figure sets and collectible figures."
age-0-1,Ages 0–1,smart,"tag equals ""age:0-1""",3,best_selling,https://cdn.shopify.com/s/files/1/0995/4754/5906/collections/art-age-0-1.webp?v=1788848447,https://the-toy-gift-shop-cy0w57r4.myshopify.com/collections/age-0-1,Ages 0–1 in Pakistan | Toy Gift Shop,Toys suitable from birth to 12 months.,Toys suitable from birth to 12 months.
age-1-3,Ages 1–3,smart,"tag equals ""age:1-3""",16,best_selling,https://cdn.shopify.com/s/files/1/0995/4754/5906/collections/art-age-1-3.webp?v=1788848449,https://the-toy-gift-shop-cy0w57r4.myshopify.com/collections/age-1-3,Ages 1–3 in Pakistan | Toy Gift Shop,Toys for toddlers aged 1 to 3.,Toys for toddlers aged 1 to 3.
age-3-5,Ages 3–5,smart,"tag equals ""age:3-5""",162,best_selling,https://cdn.shopify.com/s/files/1/0995/4754/5906/collections/art-age-3-5.webp?v=1788848450,https://the-toy-gift-shop-cy0w57r4.myshopify.com/collections/age-3-5,Ages 3–5 in Pakistan | Toy Gift Shop,Toys for children aged 3 to 5.,Toys for children aged 3 to 5.
age-5-8,Ages 5–8,smart,"tag equals ""age:5-8""",56,best_selling,https://cdn.shopify.com/s/files/1/0995/4754/5906/collections/art-age-5-8.webp?v=1788848451,https://the-toy-gift-shop-cy0w57r4.myshopify.com/collections/age-5-8,Ages 5–8 in Pakistan | Toy Gift Shop,Toys for children aged 5 to 8.,Toys for children aged 5 to 8.
age-8-plus,Ages 8+,smart,"tag equals ""age:8+""",19,best_selling,https://cdn.shopify.com/s/files/1/0995/4754/5906/collections/art-age-8-plus.webp?v=1788848453,https://the-toy-gift-shop-cy0w57r4.myshopify.com/collections/age-8-plus,Ages 8+ in Pakistan | Toy Gift Shop,Toys and games for children aged 8 and up.,Toys and games for children aged 8 and up.
all,All toys,smart,"type not_equals ""Add-on""",256,best_selling,https://cdn.shopify.com/s/files/1/0995/4754/5906/collections/art-hero.webp?v=1788848462,https://the-toy-gift-shop-cy0w57r4.myshopify.com/collections/all,All toys in Pakistan | Toy Gift Shop,,"Every toy we stock, chosen one by one. Filter by age, budget or brand — or start with the Gift Finder."
animal-dinosaur-toys,Animal & Dinosaur Toys,smart,"type equals ""Animal & Dinosaur Toys""",9,best_selling,,https://the-toy-gift-shop-cy0w57r4.myshopify.com/collections/animal-dinosaur-toys,Animal & Dinosaur Toys in Pakistan | Toy Gift Shop,"Animal figures, walking and dancing animal toys, and dinosaurs.","Animal figures, walking and dancing animal toys, and dinosaurs."
arts-crafts-creative-toys,"Arts, Crafts & Creative Toys",smart,"type equals ""Arts, Crafts & Creative Toys""",26,best_selling,,https://the-toy-gift-shop-cy0w57r4.myshopify.com/collections/arts-crafts-creative-toys,"Arts, Crafts & Creative Toys in Pakistan | Toy Gift Shop","Painting sets, bead and jewellery kits, drawing toys and doodle mats.","Painting sets, bead and jewellery kits, drawing toys and doodle mats."
baby-care-pretend-accessories,Baby Care & Pretend Accessories,smart,"type equals ""Baby Care & Pretend Accessories""",1,best_selling,,https://the-toy-gift-shop-cy0w57r4.myshopify.com/collections/baby-care-pretend-accessories,Baby Care & Pretend Accessories in Pakistan | Toy Gift Shop,Pretend baby-care accessories for doll play.,Pretend baby-care accessories for doll play.
baby-toddler-toys,Baby & Toddler Toys,smart,"type equals ""Baby & Toddler Toys""",15,best_selling,,https://the-toy-gift-shop-cy0w57r4.myshopify.com/collections/baby-toddler-toys,Baby & Toddler Toys in Pakistan | Toy Gift Shop,"Rattles, busy boards, stackers and activity toys for babies and toddlers.","Rattles, busy boards, stackers and activity toys for babies and toddlers."
battle-action-play,Battle & Action Play,smart,"type equals ""Battle & Action Play""",7,best_selling,,https://the-toy-gift-shop-cy0w57r4.myshopify.com/collections/battle-action-play,Battle & Action Play in Pakistan | Toy Gift Shop,"Gel blasters, dart blasters and superhero wrist launchers.","Gel blasters, dart blasters and superhero wrist launchers."
best-sellers,Best sellers,smart,"type not_equals ""Add-on""",256,best_selling,,https://the-toy-gift-shop-cy0w57r4.myshopify.com/collections/best-sellers,Best sellers in Pakistan | Toy Gift Shop,Our most popular toys.,Our most popular toys.
big-gifts,The big gift,smart,"variant_price greater_than ""5000"" AND type not_equals ""Add-on""",50,best_selling,,https://the-toy-gift-shop-cy0w57r4.myshopify.com/collections/big-gifts,The big gift in Pakistan | Toy Gift Shop,"Bigger gifts over Rs. 5,000.","Bigger gifts over Rs. 5,000."
board-games,Board Games,smart,"type equals ""Board Games""",26,best_selling,https://cdn.shopify.com/s/files/1/0995/4754/5906/collections/board-games.webp?v=1788886481,https://the-toy-gift-shop-cy0w57r4.myshopify.com/collections/board-games,Board Games in Pakistan | Toy Gift Shop,"Family board and card games: UNO, Monopoly, Ludo, Sequence, Jenga and more.","Family board and card games: UNO, Monopoly, Ludo, Sequence, Jenga and more."
building-construction-toys,Building & Construction Toys,smart,"type equals ""Building & Construction Toys""",5,best_selling,https://cdn.shopify.com/s/files/1/0995/4754/5906/collections/building-construction-toys.webp?v=1788886486,https://the-toy-gift-shop-cy0w57r4.myshopify.com/collections/building-construction-toys,Building & Construction Toys in Pakistan | Toy Gift Shop,Building blocks and magnetic building sets.,Building blocks and magnetic building sets.
card-tabletop-games,Card & Tabletop Games,smart,"type equals ""Card & Tabletop Games""",0,best_selling,,https://the-toy-gift-shop-cy0w57r4.myshopify.com/collections/card-tabletop-games,Card & Tabletop Games in Pakistan | Toy Gift Shop,Card and tabletop games.,Card and tabletop games.
cars-vehicles,Cars & Vehicles,smart,"type equals ""Cars & Vehicles""",13,best_selling,https://cdn.shopify.com/s/files/1/0995/4754/5906/collections/cars-vehicles.webp?v=1788886491,https://the-toy-gift-shop-cy0w57r4.myshopify.com/collections/cars-vehicles,Cars & Vehicles in Pakistan | Toy Gift Shop,"Die-cast cars, trucks, planes and vehicle play sets.","Die-cast cars, trucks, planes and vehicle play sets."
collectibles-miniatures,Collectibles & Miniatures,smart,"type equals ""Collectibles & Miniatures""",0,best_selling,,https://the-toy-gift-shop-cy0w57r4.myshopify.com/collections/collectibles-miniatures,Collectibles & Miniatures in Pakistan | Toy Gift Shop,Collectible models and miniatures.,Collectible models and miniatures.
doll-houses-pretend-homes,Doll Houses & Pretend Homes,smart,"type equals ""Doll Houses & Pretend Homes""",0,best_selling,,https://the-toy-gift-shop-cy0w57r4.myshopify.com/collections/doll-houses-pretend-homes,Doll Houses & Pretend Homes in Pakistan | Toy Gift Shop,Doll houses and pretend homes.,Doll houses and pretend homes.
dolls-doll-play,Dolls & Doll Play,smart,"type equals ""Dolls & Doll Play""",0,best_selling,https://cdn.shopify.com/s/files/1/0995/4754/5906/collections/dolls-doll-play.webp?v=1788886495,https://the-toy-gift-shop-cy0w57r4.myshopify.com/collections/dolls-doll-play,Dolls & Doll Play in Pakistan | Toy Gift Shop,Dolls and doll play sets.,Dolls and doll play sets.
dress-up-costumes,Dress-Up & Costumes,smart,"type equals ""Dress-Up & Costumes""",1,best_selling,,https://the-toy-gift-shop-cy0w57r4.myshopify.com/collections/dress-up-costumes,Dress-Up & Costumes in Pakistan | Toy Gift Shop,Dress-up and costume sets.,Dress-up and costume sets.
educational-toys,Educational Toys,smart,"type equals ""Educational Toys""",14,best_selling,https://cdn.shopify.com/s/files/1/0995/4754/5906/collections/educational-toys.webp?v=1788886501,https://the-toy-gift-shop-cy0w57r4.myshopify.com/collections/educational-toys,Educational Toys in Pakistan | Toy Gift Shop,"Learning laptops, tablets, sound books, number trains and early-learning toys.","Learning laptops, tablets, sound books, number trains and early-learning toys."
fantasy-magic-toys,Fantasy & Magic Toys,smart,"type equals ""Fantasy & Magic Toys""",2,best_selling,,https://the-toy-gift-shop-cy0w57r4.myshopify.com/collections/fantasy-magic-toys,Fantasy & Magic Toys in Pakistan | Toy Gift Shop,"Magic wands, crowns and light-up swords.","Magic wands, crowns and light-up swords."
gift-ready-under-1000,"Gift-ready under Rs. 1,000",smart,"tag equals ""feature:gift-ready"" AND variant_price less_than ""1000""",0,best_selling,,https://the-toy-gift-shop-cy0w57r4.myshopify.com/collections/gift-ready-under-1000,"Gift-ready under Rs. 1,000 in Pakistan | Toy Gift Shop","Gift-ready toys under Rs. 1,000.","Gift-ready toys under Rs. 1,000."
gifts-under-1000,"Toys under Rs. 1,000 in Pakistan",smart,"variant_price less_than ""1000"" AND type not_equals ""Add-on""",12,best_selling,,https://the-toy-gift-shop-cy0w57r4.myshopify.com/collections/gifts-under-1000,"Toys under Rs. 1,000 in Pakistan | Toy Gift Shop","Toys under Rs. 1,000.","Toys under Rs. 1,000."
gifts-under-2500,"Toys under Rs. 2,500 in Pakistan",smart,"variant_price less_than ""2500"" AND type not_equals ""Add-on""",116,best_selling,,https://the-toy-gift-shop-cy0w57r4.myshopify.com/collections/gifts-under-2500,"Toys under Rs. 2,500 in Pakistan | Toy Gift Shop","Toys under Rs. 2,500.","Toys under Rs. 2,500."
gifts-under-5000,"Toys under Rs. 5,000 in Pakistan",smart,"variant_price less_than ""5000"" AND type not_equals ""Add-on""",206,best_selling,,https://the-toy-gift-shop-cy0w57r4.myshopify.com/collections/gifts-under-5000,"Toys under Rs. 5,000 in Pakistan | Toy Gift Shop","Toys under Rs. 5,000.","Toys under Rs. 5,000."
hot-wheels,Hot Wheels,smart,"vendor equals ""Hot Wheels""",0,best_selling,,https://the-toy-gift-shop-cy0w57r4.myshopify.com/collections/hot-wheels,Hot Wheels in Pakistan | Toy Gift Shop,Hot Wheels die-cast cars.,Hot Wheels die-cast cars.
lego,LEGO,smart,"vendor equals ""LEGO""",0,best_selling,,https://the-toy-gift-shop-cy0w57r4.myshopify.com/collections/lego,LEGO in Pakistan | Toy Gift Shop,LEGO building sets.,LEGO building sets.
musical-toys,Musical Toys,smart,"type equals ""Musical Toys""",6,best_selling,,https://the-toy-gift-shop-cy0w57r4.myshopify.com/collections/musical-toys,Musical Toys in Pakistan | Toy Gift Shop,"Toy pianos, xylophones, drums and musical baby toys.","Toy pianos, xylophones, drums and musical baby toys."
new-in,New in,smart,"tag equals ""feature:new""",256,created_desc,,https://the-toy-gift-shop-cy0w57r4.myshopify.com/collections/new-in,New in in Pakistan | Toy Gift Shop,The newest toys in the shop.,The newest toys in the shop.
novelty-fun-toys,Novelty & Fun Toys,smart,"type equals ""Novelty & Fun Toys""",24,best_selling,,https://the-toy-gift-shop-cy0w57r4.myshopify.com/collections/novelty-fun-toys,Novelty & Fun Toys in Pakistan | Toy Gift Shop,"Fun and novelty toys, gadgets, night lights and gifts.","Fun and novelty toys, gadgets, night lights and gifts."
occasion-azadi,Azadi gifts,smart,"tag equals ""occasion:azadi""",0,manual,https://cdn.shopify.com/s/files/1/0995/4754/5906/collections/art-seasonal-azadi.webp?v=1788848457,https://the-toy-gift-shop-cy0w57r4.myshopify.com/collections/occasion-azadi,Azadi gifts in Pakistan | Toy Gift Shop,"Gifts for Independence Day, 14 August.","Gifts for Independence Day, 14 August."
occasion-birthday,Birthday gifts,smart,"tag equals ""occasion:birthday""",256,manual,https://cdn.shopify.com/s/files/1/0995/4754/5906/collections/art-seasonal-birthday.webp?v=1788848454,https://the-toy-gift-shop-cy0w57r4.myshopify.com/collections/occasion-birthday,Birthday gifts in Pakistan | Toy Gift Shop,Birthday gifts for children of every age.,Birthday gifts for children of every age.
occasion-eid,Eid gifts for kids,smart,"tag equals ""occasion:eid""",255,manual,https://cdn.shopify.com/s/files/1/0995/4754/5906/collections/art-seasonal-eid.webp?v=1788848456,https://the-toy-gift-shop-cy0w57r4.myshopify.com/collections/occasion-eid,Eid gifts for kids in Pakistan | Toy Gift Shop,Eid gifts for children.,Eid gifts for children.
occasion-new-baby,New baby gifts,smart,"tag equals ""occasion:new-baby""",16,manual,,https://the-toy-gift-shop-cy0w57r4.myshopify.com/collections/occasion-new-baby,New baby gifts in Pakistan | Toy Gift Shop,"Gifts for a new baby: rattles, activity toys and first toys.","Gifts for a new baby: rattles, activity toys and first toys."
occasion-ramadan,Ramadan family games,smart,"tag equals ""occasion:ramadan""",29,manual,https://cdn.shopify.com/s/files/1/0995/4754/5906/collections/art-seasonal-ramadan.webp?v=1788848459,https://the-toy-gift-shop-cy0w57r4.myshopify.com/collections/occasion-ramadan,Ramadan family games in Pakistan | Toy Gift Shop,Board and card games for the whole family.,Board and card games for the whole family.
occasion-return-gift,Return gifts & party favours,smart,"tag equals ""occasion:return-gift""",13,manual,,https://the-toy-gift-shop-cy0w57r4.myshopify.com/collections/occasion-return-gift,Return gifts & party favours in Pakistan | Toy Gift Shop,Small toys for return gifts and party favours.,Small toys for return gifts and party favours.
outdoor-toys,Outdoor Toys,smart,"type equals ""Outdoor Toys""",10,best_selling,https://cdn.shopify.com/s/files/1/0995/4754/5906/collections/outdoor-toys.webp?v=1788886506,https://the-toy-gift-shop-cy0w57r4.myshopify.com/collections/outdoor-toys,Outdoor Toys in Pakistan | Toy Gift Shop,Bubble toys and outdoor play.,Bubble toys and outdoor play.
party-toys-favors,Party Toys & Favors,smart,"type equals ""Party Toys & Favors""",0,best_selling,,https://the-toy-gift-shop-cy0w57r4.myshopify.com/collections/party-toys-favors,Party Toys & Favors in Pakistan | Toy Gift Shop,Party toys and favours.,Party toys and favours.
plush-stuffed-toys,Plush & Stuffed Toys,smart,"type equals ""Plush & Stuffed Toys""",0,best_selling,https://cdn.shopify.com/s/files/1/0995/4754/5906/collections/plush-stuffed-toys.webp?v=1788886510,https://the-toy-gift-shop-cy0w57r4.myshopify.com/collections/plush-stuffed-toys,Plush & Stuffed Toys in Pakistan | Toy Gift Shop,Plush and stuffed toys.,Plush and stuffed toys.
pretend-play-role-play,Pretend Play & Role Play,smart,"type equals ""Pretend Play & Role Play""",32,best_selling,,https://the-toy-gift-shop-cy0w57r4.myshopify.com/collections/pretend-play-role-play,Pretend Play & Role Play in Pakistan | Toy Gift Shop,"Make-up sets, mini appliances, doctor sets, tool kits and role-play toys.","Make-up sets, mini appliances, doctor sets, tool kits and role-play toys."
puzzles,Puzzles,smart,"type equals ""Puzzles""",0,best_selling,,https://the-toy-gift-shop-cy0w57r4.myshopify.com/collections/puzzles,Puzzles in Pakistan | Toy Gift Shop,Puzzles for children.,Puzzles for children.
rc-remote-control-toys,RC & Remote Control Toys,smart,"type equals ""RC & Remote Control Toys""",17,best_selling,,https://the-toy-gift-shop-cy0w57r4.myshopify.com/collections/rc-remote-control-toys,RC & Remote Control Toys in Pakistan | Toy Gift Shop,"Remote control cars, trucks, trains and drones.","Remote control cars, trucks, trains and drones."
ride-on-toys,Ride-On Toys,smart,"type equals ""Ride-On Toys""",0,best_selling,,https://the-toy-gift-shop-cy0w57r4.myshopify.com/collections/ride-on-toys,Ride-On Toys in Pakistan | Toy Gift Shop,Ride-on toys.,Ride-on toys.
robots-electronic-toys,Robots & Electronic Toys,smart,"type equals ""Robots & Electronic Toys""",12,best_selling,,https://the-toy-gift-shop-cy0w57r4.myshopify.com/collections/robots-electronic-toys,Robots & Electronic Toys in Pakistan | Toy Gift Shop,"Robots, kids' cameras and electronic arcade games.","Robots, kids' cameras and electronic arcade games."
scooters-bikes-tricycles,"Scooters, Bikes & Tricycles",smart,"type equals ""Scooters, Bikes & Tricycles""",0,best_selling,,https://the-toy-gift-shop-cy0w57r4.myshopify.com/collections/scooters-bikes-tricycles,"Scooters, Bikes & Tricycles in Pakistan | Toy Gift Shop","Scooters, bikes and tricycles.","Scooters, bikes and tricycles."
sensory-fidget-toys,Sensory & Fidget Toys,smart,"type equals ""Sensory & Fidget Toys""",8,best_selling,,https://the-toy-gift-shop-cy0w57r4.myshopify.com/collections/sensory-fidget-toys,Sensory & Fidget Toys in Pakistan | Toy Gift Shop,Squishies and fidget toys.,Squishies and fidget toys.
sports-toys,Sports Toys,smart,"type equals ""Sports Toys""",1,best_selling,,https://the-toy-gift-shop-cy0w57r4.myshopify.com/collections/sports-toys,Sports Toys in Pakistan | Toy Gift Shop,Sports and target games.,Sports and target games.
stem-science-toys,STEM & Science Toys,smart,"type equals ""STEM & Science Toys""",1,best_selling,,https://the-toy-gift-shop-cy0w57r4.myshopify.com/collections/stem-science-toys,STEM & Science Toys in Pakistan | Toy Gift Shop,Science experiment sets and STEM kits.,Science experiment sets and STEM kits.
the-edit,The edit,smart,"tag equals ""feature:pick""",0,manual,https://cdn.shopify.com/s/files/1/0995/4754/5906/collections/art-gift-service.webp?v=1788848460,https://the-toy-gift-shop-cy0w57r4.myshopify.com/collections/the-edit,The edit in Pakistan | Toy Gift Shop,Toys we pick out.,Toys we pick out.
toys-for-boys,Toys for boys,smart,"tag equals ""gender:boys""",22,best_selling,,https://the-toy-gift-shop-cy0w57r4.myshopify.com/collections/toys-for-boys,Toys for boys in Pakistan | Toy Gift Shop,Toys for boys.,Toys for boys.
toys-for-girls,Toys for girls,smart,"tag equals ""gender:girls""",18,best_selling,,https://the-toy-gift-shop-cy0w57r4.myshopify.com/collections/toys-for-girls,Toys for girls in Pakistan | Toy Gift Shop,Toys for girls.,Toys for girls.
water-beach-toys,Water & Beach Toys,smart,"type equals ""Water & Beach Toys""",8,best_selling,https://cdn.shopify.com/s/files/1/0995/4754/5906/collections/water-beach-toys.webp?v=1788886515,https://the-toy-gift-shop-cy0w57r4.myshopify.com/collections/water-beach-toys,Water & Beach Toys in Pakistan | Toy Gift Shop,"Water guns, swim gear and bath and beach toys.","Water guns, swim gear and bath and beach toys."
learning,Learning,smart,"tag equals ""play:learning""",40,best_selling,,https://the-toy-gift-shop-cy0w57r4.myshopify.com/collections/learning,Learning in Pakistan | Toy Gift Shop,"Toys that teach while they play: letters, numbers, Quran and Arabic learning, busy boards and first science kits.","Toys that teach while they play: letters, numbers, Quran and Arabic learning, busy boards and first science kits."
building,Building,smart,"tag equals ""play:build""",19,best_selling,,https://the-toy-gift-shop-cy0w57r4.myshopify.com/collections/building,Building in Pakistan | Toy Gift Shop,"Blocks, magnetic building sets, track sets and things to make and put together.","Blocks, magnetic building sets, track sets and things to make and put together."
pretending,Pretending,smart,"tag equals ""play:pretend""",77,best_selling,,https://the-toy-gift-shop-cy0w57r4.myshopify.com/collections/pretending,Pretending in Pakistan | Toy Gift Shop,"Make-up sets, kitchens and appliances, doctor and tool kits, figures, animals and dress-up for role play.","Make-up sets, kitchens and appliances, doctor and tool kits, figures, animals and dress-up for role play."
cars-racing,Cars & racing,smart,"tag equals ""play:vehicles""",39,best_selling,,https://the-toy-gift-shop-cy0w57r4.myshopify.com/collections/cars-racing,Cars & racing in Pakistan | Toy Gift Shop,"Remote control cars, drift cars, die-cast models, trucks, trains and drones.","Remote control cars, drift cars, die-cast models, trucks, trains and drones."
games-arcade,Games & arcade,smart,"tag equals ""play:games""",50,best_selling,,https://the-toy-gift-shop-cy0w57r4.myshopify.com/collections/games-arcade,Games & arcade in Pakistan | Toy Gift Shop,"Board and card games for the family, plus arcade-style games: claw machines, basketball shooters, pinball and hammer games.","Board and card games for the family, plus arcade-style games: claw machines, basketball shooters, pinball and hammer games."
outdoors-bubbles,Outdoors & bubbles,smart,"tag equals ""play:outdoor""",38,best_selling,,https://the-toy-gift-shop-cy0w57r4.myshopify.com/collections/outdoors-bubbles,Outdoors & bubbles in Pakistan | Toy Gift Shop,"Bubble guns and machines, water guns, blasters, swim gear, drones and other toys for the garden, park and beach.","Bubble guns and machines, water guns, blasters, swim gear, drones and other toys for the garden, park and beach."
squishy-fidget,Squishy & fidget,smart,"tag equals ""play:squishy""",10,best_selling,,https://the-toy-gift-shop-cy0w57r4.myshopify.com/collections/squishy-fidget,Squishy & fidget in Pakistan | Toy Gift Shop,"Squishies and fidget toys to squeeze, stretch and squish.","Squishies and fidget toys to squeeze, stretch and squish."
arts-crafts,Arts & Crafts,smart,"tag equals ""play:arts_crafts""",26,best_selling,,https://the-toy-gift-shop-cy0w57r4.myshopify.com/collections/arts-crafts,Arts & Crafts in Pakistan | Toy Gift Shop,"Paint sets, drawing and doodle mats, and bead and jewellery-making kits.","Paint sets, drawing and doodle mats, and bead and jewellery-making kits."
musical-toys-chip,Musical Toys,smart,"tag equals ""play:music""",6,best_selling,,https://the-toy-gift-shop-cy0w57r4.myshopify.com/collections/musical-toys-chip,Musical Toys in Pakistan | Toy Gift Shop,"Toy pianos, xylophones, drums and other musical instruments.","Toy pianos, xylophones, drums and other musical instruments."
makeup-beauty-sets,Makeup & Beauty Sets,smart,"tag equals ""sub:Makeup Sets""",12,best_selling,,https://the-toy-gift-shop-cy0w57r4.myshopify.com/collections/makeup-beauty-sets,Makeup & Beauty Sets in Pakistan | Toy Gift Shop,Toy make-up cases and beauty sets for pretend play.,Toy make-up cases and beauty sets for pretend play.
kitchen-appliance-play,Kitchen & Appliance Play,smart,"tag equals ""sub:Mini Appliances"" OR tag equals ""sub:Cleaning Play Sets""",9,best_selling,,https://the-toy-gift-shop-cy0w57r4.myshopify.com/collections/kitchen-appliance-play,Kitchen & Appliance Play in Pakistan | Toy Gift Shop,"Pretend kitchen appliances, irons, kettles and cleaning sets.","Pretend kitchen appliances, irons, kettles and cleaning sets."
arcade-games,Arcade Games,smart,"tag equals ""sub:Arcade Games""",8,best_selling,,https://the-toy-gift-shop-cy0w57r4.myshopify.com/collections/arcade-games,Arcade Games in Pakistan | Toy Gift Shop,"Claw machines, basketball shooters, pinball, punch and hammer games, and handheld consoles.","Claw machines, basketball shooters, pinball, punch and hammer games, and handheld consoles."
drones,Drones,smart,"tag equals ""sub:Drones""",6,best_selling,,https://the-toy-gift-shop-cy0w57r4.myshopify.com/collections/drones,Drones in Pakistan | Toy Gift Shop,Remote control drones for children and beginners.,Remote control drones for children and beginners.
die-cast-cars,Die-Cast Cars & Models,smart,"tag equals ""sub:Die-Cast Cars""",11,best_selling,,https://the-toy-gift-shop-cy0w57r4.myshopify.com/collections/die-cast-cars,Die-Cast Cars & Models in Pakistan | Toy Gift Shop,"Die-cast metal cars, trucks, bikes and models.","Die-cast metal cars, trucks, bikes and models."
baby-activity-toys,Baby Activity Toys,smart,"tag equals ""sub:Baby Activity Toys""",12,best_selling,,https://the-toy-gift-shop-cy0w57r4.myshopify.com/collections/baby-activity-toys,Baby Activity Toys in Pakistan | Toy Gift Shop,"Busy boards, stackers, activity phones and steering wheels for babies and toddlers.","Busy boards, stackers, activity phones and steering wheels for babies and toddlers."
bubble-toys,Bubble Toys,smart,"tag equals ""sub:Bubble Toys""",3,best_selling,,https://the-toy-gift-shop-cy0w57r4.myshopify.com/collections/bubble-toys,Bubble Toys in Pakistan | Toy Gift Shop,Bubble guns and bubble machines.,Bubble guns and bubble machines.
dinosaur-toys,Dinosaur Toys,smart,"tag equals ""sub:Dinosaur Toys""",3,best_selling,,https://the-toy-gift-shop-cy0w57r4.myshopify.com/collections/dinosaur-toys,Dinosaur Toys in Pakistan | Toy Gift Shop,"Walking, roaring and light-up dinosaur toys.","Walking, roaring and light-up dinosaur toys."
night-lights-gadgets,Night Lights & Gadgets,smart,"tag equals ""sub:Night Lights"" OR tag equals ""sub:Gadgets""",8,best_selling,,https://the-toy-gift-shop-cy0w57r4.myshopify.com/collections/night-lights-gadgets,Night Lights & Gadgets in Pakistan | Toy Gift Shop,"Character night lights, lamps, kids' watches and other gadgets.","Character night lights, lamps, kids' watches and other gadgets."
intex,Intex,smart,"vendor equals ""Intex""",1,best_selling,,https://the-toy-gift-shop-cy0w57r4.myshopify.com/collections/intex,Intex in Pakistan | Toy Gift Shop,Genuine Intex swim and pool gear.,Genuine Intex swim and pool gear.
schylling,Schylling,smart,"vendor equals ""Schylling""",1,best_selling,,https://the-toy-gift-shop-cy0w57r4.myshopify.com/collections/schylling,Schylling in Pakistan | Toy Gift Shop,"Genuine Schylling toys, including NeeDoh.","Genuine Schylling toys, including NeeDoh."
maisto,Maisto,smart,"vendor equals ""Maisto""",1,best_selling,,https://the-toy-gift-shop-cy0w57r4.myshopify.com/collections/maisto,Maisto in Pakistan | Toy Gift Shop,Genuine Maisto die-cast model vehicles.,Genuine Maisto die-cast model vehicles.
uno,UNO,smart,"vendor equals ""UNO""",4,best_selling,,https://the-toy-gift-shop-cy0w57r4.myshopify.com/collections/uno,UNO in Pakistan | Toy Gift Shop,"The genuine UNO card game, every edition we carry.","The genuine UNO card game, every edition we carry."
monopoly,Monopoly,smart,"vendor equals ""Monopoly""",2,best_selling,,https://the-toy-gift-shop-cy0w57r4.myshopify.com/collections/monopoly,Monopoly in Pakistan | Toy Gift Shop,The genuine Monopoly board game.,The genuine Monopoly board game.
jenga,Jenga,smart,"vendor equals ""Jenga""",1,best_selling,,https://the-toy-gift-shop-cy0w57r4.myshopify.com/collections/jenga,Jenga in Pakistan | Toy Gift Shop,The genuine Jenga block-stacking game.,The genuine Jenga block-stacking game.
catan,Catan,smart,"vendor equals ""Catan""",1,best_selling,,https://the-toy-gift-shop-cy0w57r4.myshopify.com/collections/catan,Catan in Pakistan | Toy Gift Shop,The genuine Catan board game.,The genuine Catan board game.
